"symbol","market","currency","timestamp","open","high","low","close","volume"
"AAPL.US","US","USD","2025-09-26T00:00:00Z",254.095,257.35,253.78,255.46,10272446.0
"AAPL.US","US","USD","2025-09-29T00:00:00Z",254.5,254.87,253.01,254.35,8513477.0
"AAPL.US","US","USD","2025-09-30T00:00:00Z",254.89,255.915,253.11,254.56,7819831.0
"AAPL.US","US","USD","2025-10-01T00:00:00Z",254.99,258.79,254.96,255.41,10351006.0
"AAPL.US","US","USD","2025-10-02T00:00:00Z",256.575,258.17,254.15,257.14,9455364.0
"AAPL.US","US","USD","2025-10-03T00:00:00Z",254.64,259.24,253.97,258.015,12233785.0
"AAPL.US","US","USD","2025-10-06T00:00:00Z",257.945,259.07,255.05,256.65,8821260.0
"AAPL.US","US","USD","2025-10-07T00:00:00Z",256.84,257.4,255.455,256.49,6986373.0
"AAPL.US","US","USD","2025-10-08T00:00:00Z",256.48,258.52,256.12,258.04,7794642.0
"AAPL.US","US","USD","2025-10-09T00:00:00Z",257.9,258.0,253.15,254.03,8562367.0
"AAPL.US","US","USD","2025-10-10T00:00:00Z",254.95,256.38,244.57,245.28,13390149.0
"AAPL.US","US","USD","2025-10-13T00:00:00Z",249.38,249.685,245.56,247.59,8107297.0
"AAPL.US","US","USD","2025-10-14T00:00:00Z",246.615,248.845,244.7,247.85,7346675.0
"AAPL.US","US","USD","2025-10-15T00:00:00Z",249.38,251.81,247.49,249.43,6863644.0
"AAPL.US","US","USD","2025-10-16T00:00:00Z",248.18,249.03,245.13,247.43,9593085.0
"AAPL.US","US","USD","2025-10-17T00:00:00Z",248.02,253.38,247.27,252.3,11232493.0
"AAPL.US","US","USD","2025-10-20T00:00:00Z",255.95,264.37,255.65,262.23,20933250.0
"AAPL.US","US","USD","2025-10-21T00:00:00Z",261.9,265.29,261.9,262.84,9898011.0
"AAPL.US","US","USD","2025-10-22T00:00:00Z",262.74,262.85,255.43,258.43,9839066.0
"AAPL.US","US","USD","2025-10-23T00:00:00Z",259.89,260.61,258.02,259.58,6051144.0
"AAPL.US","US","USD","2025-10-24T00:00:00Z",261.09,264.12,259.18,262.77,9461856.0
"AAPL.US","US","USD","2025-10-27T00:00:00Z",265.0,269.08,264.66,268.74,8679804.0
"AAPL.US","US","USD","2025-10-28T00:00:00Z",268.985,269.87,268.16,269.03,7935722.0
"AAPL.US","US","USD","2025-10-29T00:00:00Z",269.27,271.4,267.12,269.73,10499972.0
"AAPL.US","US","USD","2025-10-30T00:00:00Z",271.99,274.13,268.49,271.38,12605985.0
"AAPL.US","US","USD","2025-10-31T00:00:00Z",276.97,277.32,269.16,270.25,16351411.0
"AAPL.US","US","USD","2025-11-03T00:00:00Z",270.455,270.85,266.27,269.06,8753396.0
"AAPL.US","US","USD","2025-11-04T00:00:00Z",268.325,271.48,267.69,270.25,9751136.0
"AAPL.US","US","USD","2025-11-05T00:00:00Z",268.59,271.66,266.94,270.1,7610115.0
"AAPL.US","US","USD","2025-11-06T00:00:00Z",268.12,273.38,267.91,269.66,12416120.0
"AAPL.US","US","USD","2025-11-07T00:00:00Z",269.765,272.29,266.79,268.57,11637850.0
"AAPL.US","US","USD","2025-11-10T00:00:00Z",269.09,273.7,267.46,269.36,9555059.0
"AAPL.US","US","USD","2025-11-11T00:00:00Z",269.83,275.84,269.83,275.3,12214755.0
"AAPL.US","US","USD","2025-11-12T00:00:00Z",275.0,275.71,271.88,273.53,10230025.0
"AAPL.US","US","USD","2025-11-13T00:00:00Z",274.28,276.68,272.1,273.05,10974377.0
"AAPL.US","US","USD","2025-11-14T00:00:00Z",271.14,275.96,269.6,272.6,11120782.0
"AAPL.US","US","USD","2025-11-17T00:00:00Z",268.87,270.49,265.74,267.46,10285340.0
"AAPL.US","US","USD","2025-11-18T00:00:00Z",270.0,270.7,265.32,267.43,10900007.0
"AAPL.US","US","USD","2025-11-19T00:00:00Z",265.72,272.19,265.5,268.56,9963227.0
"AAPL.US","US","USD","2025-11-20T00:00:00Z",270.81,275.42,265.92,266.38,12482513.0
"AAPL.US","US","USD","2025-11-21T00:00:00Z",266.09,273.315,265.82,271.5,16235227.0
"AAPL.US","US","USD","2025-11-24T00:00:00Z",271.37,276.98,271.04,275.8,14743636.0
"AAPL.US","US","USD","2025-11-25T00:00:00Z",275.27,280.38,275.27,276.89,11335918.0
"AAPL.US","US","USD","2025-11-26T00:00:00Z",276.96,279.53,276.65,277.47,7799766.0
"AAPL.US","US","USD","2025-11-28T00:00:00Z",277.345,279.0,275.99,278.86,4137860.0
"AAPL.US","US","USD","2025-12-01T00:00:00Z",278.1,283.41,276.14,283.32,10155987.0
"AAPL.US","US","USD","2025-12-02T00:00:00Z",282.81,287.4,282.64,286.23,10807071.0
"AAPL.US","US","USD","2025-12-03T00:00:00Z",286.19,288.6,283.54,284.15,10337004.0
"AAPL.US","US","USD","2025-12-04T00:00:00Z",284.05,284.72,278.595,280.65,8692448.0
"AAPL.US","US","USD","2025-12-05T00:00:00Z",280.46,281.13,278.05,278.79,7367176.0
"AAPL.US","US","USD","2025-12-08T00:00:00Z",278.1,279.63,276.16,277.96,8330149.0
"AAPL.US","US","USD","2025-12-09T00:00:00Z",278.445,280.02,276.925,277.26,7287510.0
"AAPL.US","US","USD","2025-12-10T00:00:00Z",277.75,279.74,276.44,278.72,7004496.0
"AAPL.US","US","USD","2025-12-11T00:00:00Z",278.99,279.58,273.815,278.08,7531410.0
"AAPL.US","US","USD","2025-12-12T00:00:00Z",277.91,279.205,276.9,278.37,9266508.0
"AAPL.US","US","USD","2025-12-15T00:00:00Z",280.03,280.04,272.84,274.115,12114816.0
"AAPL.US","US","USD","2025-12-16T00:00:00Z",272.82,275.5,271.8,274.46,7611708.0
"AAPL.US","US","USD","2025-12-17T00:00:00Z",275.01,276.16,271.69,271.86,10660373.0
"AAPL.US","US","USD","2025-12-18T00:00:00Z",273.59,273.615,266.96,272.16,10773074.0
"AAPL.US","US","USD","2025-12-19T00:00:00Z",272.17,274.56,269.9,273.62,25194863.0
"AAPL.US","US","USD","2025-12-22T00:00:00Z",272.79,273.88,270.51,270.82,8203766.0
"AAPL.US","US","USD","2025-12-23T00:00:00Z",270.97,272.45,269.57,272.31,7070204.0
"AAPL.US","US","USD","2025-12-24T00:00:00Z",272.26,275.43,272.25,273.85,4686722.0
"AAPL.US","US","USD","2025-12-26T00:00:00Z",274.1,275.37,272.87,273.25,5785460.0
"AAPL.US","US","USD","2025-12-29T00:00:00Z",272.69,274.35,272.35,273.78,5380041.0
"AAPL.US","US","USD","2025-12-30T00:00:00Z",272.785,274.08,272.28,272.99,5910390.0
"AAPL.US","US","USD","2025-12-31T00:00:00Z",272.75,273.68,271.76,271.84,5840745.0
"AAPL.US","US","USD","2026-01-02T00:00:00Z",272.05,277.82,269.1,270.98,9244864.0
"AAPL.US","US","USD","2026-01-05T00:00:00Z",270.9,271.5,266.14,267.26,9295699.0
"AAPL.US","US","USD","2026-01-06T00:00:00Z",266.96,267.54,262.13,262.23,10735965.0
"AAPL.US","US","USD","2026-01-07T00:00:00Z",263.25,263.68,259.82,260.36,10312009.0
"AAPL.US","US","USD","2026-01-08T00:00:00Z",256.995,259.28,255.72,259.1,11336117.0
"AAPL.US","US","USD","2026-01-09T00:00:00Z",258.97,260.21,256.23,259.33,9361204.0
"AAPL.US","US","USD","2026-01-12T00:00:00Z",259.37,261.29,256.82,260.21,9785036.0
"AAPL.US","US","USD","2026-01-13T00:00:00Z",258.59,261.81,258.39,261.05,9113815.0
"AAPL.US","US","USD","2026-01-14T00:00:00Z",259.49,261.81,256.71,259.95,9164409.0
"AAPL.US","US","USD","2026-01-15T00:00:00Z",260.81,261.03,257.05,258.33,8710305.0
"AAPL.US","US","USD","2026-01-16T00:00:00Z",257.9,258.9,254.93,255.48,14668805.0
"AAPL.US","US","USD","2026-01-20T00:00:00Z",252.51,254.79,243.43,246.69,16701419.0
"AAPL.US","US","USD","2026-01-21T00:00:00Z",248.66,251.55,245.19,247.63,12712038.0
"AAPL.US","US","USD","2026-01-22T00:00:00Z",249.2,250.98,248.18,248.36,9909174.0
"AAPL.US","US","USD","2026-01-23T00:00:00Z",247.1,249.4,244.69,247.97,9232096.0
"AAPL.US","US","USD","2026-01-26T00:00:00Z",251.34,256.56,249.8,255.42,11989635.0
"AAPL.US","US","USD","2026-01-27T00:00:00Z",259.14,261.95,258.21,258.27,10969850.0
"AAPL.US","US","USD","2026-01-28T00:00:00Z",257.64,258.84,254.52,256.44,8884613.0
"AAPL.US","US","USD","2026-01-29T00:00:00Z",258.07,259.6,254.41,258.175,14501703.0
"AAPL.US","US","USD","2026-01-30T00:00:00Z",255.04,261.89,252.18,259.49,19752911.0
"AAPL.US","US","USD","2026-02-02T00:00:00Z",260.03,270.49,259.21,269.96,15356290.0
"AAPL.US","US","USD","2026-02-03T00:00:00Z",269.715,271.87,267.61,269.49,12676893.0
"AAPL.US","US","USD","2026-02-04T00:00:00Z",272.33,278.95,272.31,276.46,20326744.0
"AAPL.US","US","USD","2026-02-05T00:00:00Z",278.02,279.5,273.27,275.91,12195819.0
"AAPL.US","US","USD","2026-02-06T00:00:00Z",277.16,280.9,276.935,278.01,11105379.0
"AAPL.US","US","USD","2026-02-09T00:00:00Z",277.905,278.05,271.7,274.53,9729769.0
"AAPL.US","US","USD","2026-02-10T00:00:00Z",274.89,275.36,272.95,273.79,5985797.0
"AAPL.US","US","USD","2026-02-11T00:00:00Z",274.89,280.18,274.45,275.49,12320130.0
"AAPL.US","US","USD","2026-02-12T00:00:00Z",275.6,275.72,260.19,261.59,17446628.0
"AAPL.US","US","USD","2026-02-13T00:00:00Z",262.07,262.17,255.45,255.79,11516590.0
"AAPL.US","US","USD","2026-02-17T00:00:00Z",258.05,266.29,255.54,263.75,11270049.0
"AAPL.US","US","USD","2026-02-18T00:00:00Z",263.51,266.8,262.45,264.24,7339238.0
"AAPL.US","US","USD","2026-02-19T00:00:00Z",262.47,264.47,260.06,260.51,5526219.0
"AAPL.US","US","USD","2026-02-20T00:00:00Z",258.85,264.75,258.17,264.59,9692003.0
"AAPL.US","US","USD","2026-02-23T00:00:00Z",263.49,269.43,263.48,266.39,7754332.0
"AAPL.US","US","USD","2026-02-24T00:00:00Z",267.85,274.89,267.74,272.17,8669402.0
"AAPL.US","US","USD","2026-02-25T00:00:00Z",271.68,274.94,271.05,274.18,6086848.0
"AAPL.US","US","USD","2026-02-26T00:00:00Z",275.0,276.11,270.795,273.0,6499463.0
"AAPL.US","US","USD","2026-02-27T00:00:00Z",272.81,272.81,262.89,264.17,11576746.0
"AAPL.US","US","USD","2026-03-02T00:00:00Z",262.455,266.51,260.2,264.6,9213408.0
"AAPL.US","US","USD","2026-03-03T00:00:00Z",263.32,265.56,260.15,263.78,8459271.0
"AAPL.US","US","USD","2026-03-04T00:00:00Z",264.65,266.13,261.43,262.45,8543065.0
"AAPL.US","US","USD","2026-03-05T00:00:00Z",260.78,261.55,257.25,260.26,11192360.0
"AAPL.US","US","USD","2026-03-06T00:00:00Z",258.69,258.74,254.42,257.44,7102639.0
"AAPL.US","US","USD","2026-03-09T00:00:00Z",255.61,261.15,253.7,259.89,7944399.0
"AAPL.US","US","USD","2026-03-10T00:00:00Z",257.695,262.48,256.95,260.72,6040378.0
"AAPL.US","US","USD","2026-03-11T00:00:00Z",261.18,262.13,259.58,260.81,5024920.0
"AAPL.US","US","USD","2026-03-12T00:00:00Z",258.95,258.95,254.19,255.75,7865874.0
"AAPL.US","US","USD","2026-03-13T00:00:00Z",255.39,256.32,249.52,250.12,8018974.0
"AAPL.US","US","USD","2026-03-16T00:00:00Z",252.0,253.88,249.88,252.78,6516996.0
"AAPL.US","US","USD","2026-03-17T00:00:00Z",252.82,255.125,252.18,254.23,4657447.0
"AAPL.US","US","USD","2026-03-18T00:00:00Z",252.66,254.9,249.0,249.91,6024183.0
"AAPL.US","US","USD","2026-03-19T00:00:00Z",249.41,251.83,247.32,248.87,6816117.0
"AAPL.US","US","USD","2026-03-20T00:00:00Z",247.985,249.18,246.02,248.19,15412157.0
"AAPL.US","US","USD","2026-03-23T00:00:00Z",254.0,254.57,250.28,251.44,8089486.0
"AAPL.US","US","USD","2026-03-24T00:00:00Z",250.49,254.82,249.55,251.75,6011814.0
"AAPL.US","US","USD","2026-03-25T00:00:00Z",254.09,254.98,251.6,252.57,5594642.0
"AAPL.US","US","USD","2026-03-26T00:00:00Z",252.21,257.0,250.8,252.88,8726044.0
"AAPL.US","US","USD","2026-03-27T00:00:00Z",253.92,255.46,248.1,248.61,9773959.0
"AAPL.US","US","USD","2026-03-30T00:00:00Z",250.01,250.84,245.52,246.54,8094506.0
"AAPL.US","US","USD","2026-03-31T00:00:00Z",247.9,255.48,247.11,253.79,9851284.0
"AAPL.US","US","USD","2026-04-01T00:00:00Z",254.12,256.18,253.33,255.69,7064448.0
"AAPL.US","US","USD","2026-04-02T00:00:00Z",254.22,256.13,250.65,255.89,5673823.0
"AAPL.US","US","USD","2026-04-06T00:00:00Z",256.99,262.16,256.48,258.88,5552084.0
"AAPL.US","US","USD","2026-04-07T00:00:00Z",256.155,256.155,245.7,253.49,13051751.0
"AAPL.US","US","USD","2026-04-08T00:00:00Z",258.51,259.73,256.53,258.93,7793934.0
"AAPL.US","US","USD","2026-04-09T00:00:00Z",259.37,261.12,256.11,260.39,5049259.0
"AAPL.US","US","USD","2026-04-10T00:00:00Z",259.98,262.18,259.03,260.38,5388681.0
"AAPL.US","US","USD","2026-04-13T00:00:00Z",259.8,260.17,256.66,259.21,6270450.0
"AAPL.US","US","USD","2026-04-14T00:00:00Z",259.2,261.93,257.2,258.855,7517374.0
"AAPL.US","US","USD","2026-04-15T00:00:00Z",258.095,266.55,257.82,266.37,9361000.0
"AAPL.US","US","USD","2026-04-16T00:00:00Z",266.81,267.14,261.27,263.36,8374274.0
"AAPL.US","US","USD","2026-04-17T00:00:00Z",267.03,272.3,266.72,270.185,12504526.0
"AAPL.US","US","USD","2026-04-20T00:00:00Z",270.41,274.27,270.39,272.93,6985195.0
"AAPL.US","US","USD","2026-04-21T00:00:00Z",271.36,272.8,265.4,266.22,9434881.0
"AAPL.US","US","USD","2026-04-22T00:00:00Z",267.71,273.74,266.87,273.19,7749460.0
"AAPL.US","US","USD","2026-04-23T00:00:00Z",275.045,275.77,271.66,273.44,6419434.0
"AAPL.US","US","USD","2026-04-24T00:00:00Z",272.78,273.06,269.65,271.06,7030361.0
"AAPL.US","US","USD","2026-04-27T00:00:00Z",265.85,268.36,265.07,267.66,6688989.0
"AAPL.US","US","USD","2026-04-28T00:00:00Z",272.335,273.22,268.67,270.76,6268388.0
"AAPL.US","US","USD","2026-04-29T00:00:00Z",267.55,271.03,267.04,270.19,5300998.0
"AAPL.US","US","USD","2026-04-30T00:00:00Z",270.5,275.94,268.19,271.205,13036825.0
"AAPL.US","US","USD","2026-05-01T00:00:00Z",278.855,287.21,278.43,280.14,44118680.0
"AAPL.US","US","USD","2026-05-04T00:00:00Z",279.655,280.63,274.86,276.83,22447577.0
"AAPL.US","US","USD","2026-05-05T00:00:00Z",276.925,284.57,276.53,284.18,24559412.0
"AAPL.US","US","USD","2026-05-06T00:00:00Z",281.915,288.03,281.075,287.51,24308295.0
"AAPL.US","US","USD","2026-05-07T00:00:00Z",289.27,292.13,285.78,287.44,23515300.0
"AAPL.US","US","USD","2026-05-08T00:00:00Z",290.01,294.76,290.0,293.32,24872979.0
"AAPL.US","US","USD","2026-05-11T00:00:00Z",291.979,293.88,290.23,292.68,19891113.0
"AAPL.US","US","USD","2026-05-12T00:00:00Z",292.56,295.27,292.56,294.8,19418106.0
"AAPL.US","US","USD","2026-05-13T00:00:00Z",293.5,300.92,293.5,298.87,22933541.0
"AAPL.US","US","USD","2026-05-14T00:00:00Z",299.82,300.31,295.38,298.21,17060798.0
"AAPL.US","US","USD","2026-05-15T00:00:00Z",297.9,303.2,296.53,300.23,21041101.0
"AAPL.US","US","USD","2026-05-18T00:00:00Z",300.24,300.66,294.91,297.84,16457700.0
"AAPL.US","US","USD","2026-05-19T00:00:00Z",296.97,300.51,296.35,298.97,16586996.0
"AAPL.US","US","USD","2026-05-20T00:00:00Z",298.18,302.8,298.09,302.25,18491457.0
"AAPL.US","US","USD","2026-05-21T00:00:00Z",301.055,305.539,300.4,304.99,16362003.0
"AAPL.US","US","USD","2026-05-22T00:00:00Z",306.12,311.4,305.85,308.82,19888231.0
"AAPL.US","US","USD","2026-05-26T00:00:00Z",309.56,311.82,307.67,308.33,19295351.0
"AAPL.US","US","USD","2026-05-27T00:00:00Z",308.33,313.26,308.33,310.85,19054427.0
"AAPL.US","US","USD","2026-05-28T00:00:00Z",310.68,312.76,309.57,312.51,21715788.0
"AAPL.US","US","USD","2026-05-29T00:00:00Z",311.775,315.0,309.53,312.06,19840796.0
"AAPL.US","US","USD","2026-06-01T00:00:00Z",309.625,310.93,305.03,306.31,22975229.0
"AAPL.US","US","USD","2026-06-02T00:00:00Z",307.46,315.45,306.73,315.2,21924208.0
"AAPL.US","US","USD","2026-06-03T00:00:00Z",314.175,316.94,308.85,310.26,23055697.0
"AAPL.US","US","USD","2026-06-04T00:00:00Z",313.23,313.37,309.65,311.23,17418025.0
"AAPL.US","US","USD","2026-06-05T00:00:00Z",312.86,315.17,307.15,307.34,29322626.0
"AAPL.US","US","USD","2026-06-08T00:00:00Z",308.739,317.4,301.17,301.54,41458311.0
"AAPL.US","US","USD","2026-06-09T00:00:00Z",300.275,300.72,287.78,290.55,38214544.0
"AAPL.US","US","USD","2026-06-10T00:00:00Z",290.74,294.745,287.38,291.58,26054419.0
"AAPL.US","US","USD","2026-06-11T00:00:00Z",293.72,297.0,289.6,295.63,20631049.0
"AAPL.US","US","USD","2026-06-12T00:00:00Z",296.03,297.14,289.62,291.13,19567176.0
"AAPL.US","US","USD","2026-06-15T00:00:00Z",294.12,297.78,291.7,296.42,19729368.0
"AAPL.US","US","USD","2026-06-16T00:00:00Z",295.245,300.48,293.97,299.24,18311665.0
"AAPL.US","US","USD","2026-06-17T00:00:00Z",300.845,302.07,294.38,295.95,18267690.0
"AAPL.US","US","USD","2026-06-18T00:00:00Z",298.11,300.57,295.62,298.01,19364874.0
"AAPL.US","US","USD","2026-06-22T00:00:00Z",297.31,302.42,296.78,297.01,19005479.0
"AAPL.US","US","USD","2026-06-23T00:00:00Z",297.538,301.64,294.22,294.3,23661484.0
"AAPL.US","US","USD","2026-06-24T00:00:00Z",295.355,299.7,292.94,293.08,21397340.0
"AAPL.US","US","USD","2026-06-25T00:00:00Z",287.4,288.8,273.75,275.15,54759416.0
"AAPL.US","US","USD","2026-06-26T00:00:00Z",275.0,285.95,274.21,283.78,55059669.0
"AAPL.US","US","USD","2026-06-29T00:00:00Z",286.73,288.33,279.85,281.74,28445359.0
"AAPL.US","US","USD","2026-06-30T00:00:00Z",281.17,289.91,280.73,289.36,25677675.0
"AAPL.US","US","USD","2026-07-01T00:00:00Z",293.44,296.59,289.195,294.38,24036417.0
"AAPL.US","US","USD","2026-07-02T00:00:00Z",294.12,309.42,293.74,308.63,38204768.0
"AAPL.US","US","USD","2026-07-06T00:00:00Z",307.36,314.2,307.01,312.66,23073277.0
"AAPL.US","US","USD","2026-07-07T00:00:00Z",315.29,315.48,310.15,310.66,21139129.0
"AAPL.US","US","USD","2026-07-08T00:00:00Z",311.91,314.81,307.052,313.39,20964800.0
"AAPL.US","US","USD","2026-07-09T00:00:00Z",310.51,316.53,308.16,316.22,19316943.0
"AAPL.US","US","USD","2026-07-10T00:00:00Z",314.72,316.91,312.17,315.32,15731247.0
"AAPL.US","US","USD","2026-07-13T00:00:00Z",317.015,323.45,315.78,317.31,22067259.0
"AAPL.US","US","USD","2026-07-14T00:00:00Z",313.76,316.17,311.91,314.86,15228286.0
"AAPL.US","US","USD","2026-07-15T00:00:00Z",317.615,328.72,317.32,327.5,32172374.0
"AAPL.US","US","USD","2026-07-16T00:00:00Z",328.005,334.68,326.79,333.26,32935250.0
"AAPL.US","US","USD","2026-07-17T00:00:00Z",331.98,334.98,329.001,333.74,31443441.0
"AAPL.US","US","USD","2026-07-20T00:00:00Z",333.505,333.635,323.7,326.59,27132667.0
"AAPL.US","US","USD","2026-07-21T00:00:00Z",323.13,329.6,322.22,327.74,19441916.0
"AAPL.US","US","USD","2026-07-22T00:00:00Z",327.87,329.0,323.34,325.89,16230645.0
"AAPL.US","US","USD","2026-07-23T00:00:00Z",321.73,323.3,319.35,321.66,17554895.0
"AAPL.US","US","USD","2026-07-24T00:00:00Z",321.79,334.37,321.62,333.02,25317046.0
"AAPL.US","US","USD","2026-07-27T00:00:00Z",334.54,339.57,334.02,336.91,24195514.0
"AAPL.US","US","USD","2026-07-28T00:00:00Z",340.03,342.89,335.6,340.08,24794620.0
"AAPL.US","US","USD","2026-07-29T00:00:00Z",339.73,344.57,337.35,338.19,27513906.0
"AAPL.US","US","USD","2026-07-30T00:00:00Z",333.1,334.75,329.59,333.43,27644194.0
"AAPL.US","US","USD","2026-07-31T00:00:00Z",304.81,310.69,300.0,308.91,66583005.0
"AAPL.US","US","USD","2026-08-03T00:00:00Z",309.58,311.8,302.56,303.42,38237503.0
"AAPL.US","US","USD","2026-08-04T00:00:00Z",302.725,310.42,301.32,309.38,30042401.0
"AAPL.US","US","USD","2026-08-05T00:00:00Z",309.36,311.708,305.67,311.0,23485409.0
"AAPL.US","US","USD","2026-08-06T00:00:00Z",314.34,316.289,309.23,312.41,22041518.0
"AAPL.US","US","USD","2026-08-07T00:00:00Z",311.45,314.81,310.74,313.33,17748391.0
"AAPL.US","US","USD","2026-08-10T00:00:00Z",306.83,308.26,304.63,308.26,21724118.0
"AAPL.US","US","USD","2026-08-11T00:00:00Z",307.75,309.97,302.79,304.91,18166736.0
"AAPL.US","US","USD","2026-08-12T00:00:00Z",305.1,305.56,300.57,302.25,20274827.0
"AAPL.US","US","USD","2026-08-13T00:00:00Z",304.21,306.0,302.05,305.26,17923073.0
"AAPL.US","US","USD","2026-08-14T00:00:00Z",306.0,307.49,304.3,305.93,12679127.0
"AAPL.US","US","USD","2026-08-17T00:00:00Z",306.21,307.66,302.939,305.59,15903662.0
"AAPL.US","US","USD","2026-08-18T00:00:00Z",307.58,311.49,305.74,310.03,23868029.0
"AAPL.US","US","USD","2026-08-19T00:00:00Z",310.14,319.28,309.62,316.83,22684537.0
"AAPL.US","US","USD","2026-08-20T00:00:00Z",317.455,320.28,310.65,311.3,17343634.0
"AAPL.US","US","USD","2026-08-21T00:00:00Z",312.05,312.38,307.01,309.35,16300192.0
"AAPL.US","US","USD","2026-08-24T00:00:00Z",311.47,313.36,309.97,310.34,14928146.0
"AAPL.US","US","USD","2026-08-25T00:00:00Z",310.79,313.58,308.21,309.9,12901236.0
"AAPL.US","US","USD","2026-08-26T00:00:00Z",310.3,315.43,308.8,313.45,15743657.0
"AAPL.US","US","USD","2026-08-27T00:00:00Z",310.545,315.4,309.4,314.58,14470667.0
"AAPL.US","US","USD","2026-08-28T00:00:00Z",316.845,322.37,315.45,319.7,18353893.0
"AAPL.US","US","USD","2026-08-31T00:00:00Z",319.6,321.235,312.8,316.85,17065043.0
"AAPL.US","US","USD","2026-09-01T00:00:00Z",316.98,327.3,314.737,325.13,29800197.0
"AAPL.US","US","USD","2026-09-02T00:00:00Z",326.865,328.4,323.53,324.96,17724576.0
"AAPL.US","US","USD","2026-09-03T00:00:00Z",324.87,330.81,324.11,328.21,19349744.0
"AAPL.US","US","USD","2026-09-04T00:00:00Z",328.305,328.93,317.86,319.97,20188887.0
"AAPL.US","US","USD","2026-09-08T00:00:00Z",317.1,320.7,314.92,316.22,17376730.0
"AAPL.US","US","USD","2026-09-09T00:00:00Z",315.485,319.15,309.9,315.34,39665444.0
"AAPL.US","US","USD","2026-09-10T00:00:00Z",316.67,326.68,316.585,326.57,42570783.0
"AAPL.US","US","USD","2026-09-11T00:00:00Z",327.45,336.22,326.3,332.27,27694073.0
"AAPL.US","US","USD","2026-09-14T00:00:00Z",334.79,335.5,331.34,333.08,20266946.0
"AAPL.US","US","USD","2026-09-15T00:00:00Z",330.135,331.76,328.35,331.34,16106936.0
"AAPL.US","US","USD","2026-09-16T00:00:00Z",332.53,335.48,330.7,332.41,16987858.0
"AAPL.US","US","USD","2026-09-17T00:00:00Z",334.77,338.34,330.194,337.0,17377159.0
"AAPL.US","US","USD","2026-09-18T00:00:00Z",337.905,338.49,332.53,336.13,25722758.0
"AAPL.US","US","USD","2026-09-21T00:00:00Z",335.28,339.64,333.05,338.98,16272945.0
"AAPL.US","US","USD","2026-09-22T00:00:00Z",340.135,345.34,338.75,339.75,19474269.0
"AAPL.US","US","USD","2026-09-23T00:00:00Z",341.075,341.8,335.61,337.02,15212791.0
"AAPL.US","US","USD","2026-09-24T00:00:00Z",336.72,338.91,334.3,335.92,12739776.0
"AAPL.US","US","USD","2026-09-25T00:00:00Z",336.04,341.67,334.53,341.07,14597925.0
"NVDA.US","US","USD","2025-09-26T00:00:00Z",178.17,179.77,174.93,178.19,29359465.0
"NVDA.US","US","USD","2025-09-29T00:00:00Z",180.395,184.0,180.35,181.83,41838049.0
"NVDA.US","US","USD","2025-09-30T00:00:00Z",182.08,187.35,181.48,186.58,55571391.0
"NVDA.US","US","USD","2025-10-01T00:00:00Z",185.24,188.14,183.9,187.17,35473586.0
"NVDA.US","US","USD","2025-10-02T00:00:00Z",189.6,191.05,188.265,188.92,27429802.0
"NVDA.US","US","USD","2025-10-03T00:00:00Z",189.2,190.36,185.38,187.64,26047468.0
"NVDA.US","US","USD","2025-10-06T00:00:00Z",185.545,187.23,183.33,185.53,29712406.0
"NVDA.US","US","USD","2025-10-07T00:00:00Z",186.22,189.06,184.405,184.96,27866449.0
"NVDA.US","US","USD","2025-10-08T00:00:00Z",186.575,189.415,186.575,189.06,25871976.0
"NVDA.US","US","USD","2025-10-09T00:00:00Z",192.225,195.3,191.07,192.55,34499663.0
"NVDA.US","US","USD","2025-10-10T00:00:00Z",193.505,195.62,182.8,183.12,64582295.0
"NVDA.US","US","USD","2025-10-13T00:00:00Z",187.99,190.1,185.97,188.32,27938452.0
"NVDA.US","US","USD","2025-10-14T00:00:00Z",184.8,184.8,179.71,180.07,41833804.0
"NVDA.US","US","USD","2025-10-15T00:00:00Z",184.83,184.83,177.29,179.87,39481933.0
"NVDA.US","US","USD","2025-10-16T00:00:00Z",182.18,183.27,179.77,181.82,31837418.0
"NVDA.US","US","USD","2025-10-17T00:00:00Z",180.18,184.1,179.8,183.24,31501043.0
"NVDA.US","US","USD","2025-10-20T00:00:00Z",183.07,185.2,181.74,182.57,20491778.0
"NVDA.US","US","USD","2025-10-21T00:00:00Z",182.565,182.7,179.8,181.16,18650028.0
"NVDA.US","US","USD","2025-10-22T00:00:00Z",181.12,183.435,176.77,180.27,29402130.0
"NVDA.US","US","USD","2025-10-23T00:00:00Z",180.42,183.03,179.8,182.2,19578771.0
"NVDA.US","US","USD","2025-10-24T00:00:00Z",183.85,187.465,183.51,186.26,24989856.0
"NVDA.US","US","USD","2025-10-27T00:00:00Z",189.98,191.77,188.44,191.43,25674786.0
"NVDA.US","US","USD","2025-10-28T00:00:00Z",193.05,203.15,191.92,201.03,61257358.0
"NVDA.US","US","USD","2025-10-29T00:00:00Z",207.98,212.15,204.78,207.05,59858698.0
"NVDA.US","US","USD","2025-10-30T00:00:00Z",205.18,206.16,201.42,202.78,33242636.0
"NVDA.US","US","USD","2025-10-31T00:00:00Z",206.42,207.97,202.075,202.41,30205110.0
"NVDA.US","US","USD","2025-11-03T00:00:00Z",208.05,211.335,206.34,207.02,34470693.0
"NVDA.US","US","USD","2025-11-04T00:00:00Z",202.885,203.96,197.93,198.71,38758514.0
"NVDA.US","US","USD","2025-11-05T00:00:00Z",198.59,202.9,194.97,195.15,31996940.0
"NVDA.US","US","USD","2025-11-06T00:00:00Z",196.38,197.6,186.39,188.17,44973023.0
"NVDA.US","US","USD","2025-11-07T00:00:00Z",184.68,188.32,178.92,188.26,54629767.0
"NVDA.US","US","USD","2025-11-10T00:00:00Z",195.11,199.935,193.79,199.03,39318449.0
"NVDA.US","US","USD","2025-11-11T00:00:00Z",195.155,195.41,191.31,193.24,37783774.0
"NVDA.US","US","USD","2025-11-12T00:00:00Z",195.84,195.84,191.13,193.85,30304859.0
"NVDA.US","US","USD","2025-11-13T00:00:00Z",191.05,191.44,183.85,186.97,51650172.0
"NVDA.US","US","USD","2025-11-14T00:00:00Z",182.86,191.01,180.58,190.27,36217109.0
"NVDA.US","US","USD","2025-11-17T00:00:00Z",186.03,189.0,184.33,186.59,36625195.0
"NVDA.US","US","USD","2025-11-18T00:00:00Z",183.36,184.65,179.65,181.37,53545270.0
"NVDA.US","US","USD","2025-11-19T00:00:00Z",184.795,187.85,182.84,186.82,42685175.0
"NVDA.US","US","USD","2025-11-20T00:00:00Z",195.92,196.0,179.86,180.91,75633395.0
"NVDA.US","US","USD","2025-11-21T00:00:00Z",181.275,184.55,172.94,178.94,77500864.0
"NVDA.US","US","USD","2025-11-24T00:00:00Z",179.5,183.48,176.49,182.55,47463296.0
"NVDA.US","US","USD","2025-11-25T00:00:00Z",174.93,178.15,169.55,177.79,63121354.0
"NVDA.US","US","USD","2025-11-26T00:00:00Z",181.56,182.91,178.25,180.175,32024734.0
"NVDA.US","US","USD","2025-11-28T00:00:00Z",178.99,179.29,176.5,176.99,21440419.0
"NVDA.US","US","USD","2025-12-01T00:00:00Z",174.755,180.29,173.68,179.93,32608407.0
"NVDA.US","US","USD","2025-12-02T00:00:00Z",181.72,185.66,180.0,181.31,32864104.0
"NVDA.US","US","USD","2025-12-03T00:00:00Z",181.05,182.45,179.12,179.64,28503112.0
"NVDA.US","US","USD","2025-12-04T00:00:00Z",181.63,184.51,179.96,183.42,29287541.0
"NVDA.US","US","USD","2025-12-05T00:00:00Z",183.95,184.65,180.92,182.35,24637653.0
"NVDA.US","US","USD","2025-12-08T00:00:00Z",182.63,187.99,182.4,185.58,34261527.0
"NVDA.US","US","USD","2025-12-09T00:00:00Z",185.56,185.71,183.32,184.97,22684329.0
"NVDA.US","US","USD","2025-12-10T00:00:00Z",184.97,185.47,182.04,183.79,26950156.0
"NVDA.US","US","USD","2025-12-11T00:00:00Z",180.275,181.31,176.625,180.97,32479476.0
"NVDA.US","US","USD","2025-12-12T00:00:00Z",181.14,182.82,174.63,174.99,38339096.0
"NVDA.US","US","USD","2025-12-15T00:00:00Z",177.91,178.41,175.03,176.28,31166459.0
"NVDA.US","US","USD","2025-12-16T00:00:00Z",176.12,178.195,174.9,177.51,25028093.0
"NVDA.US","US","USD","2025-12-17T00:00:00Z",176.1,176.1,170.31,170.92,42162063.0
"NVDA.US","US","USD","2025-12-18T00:00:00Z",174.535,176.15,171.82,174.01,30324011.0
"NVDA.US","US","USD","2025-12-19T00:00:00Z",176.66,181.065,176.35,180.99,54056819.0
"NVDA.US","US","USD","2025-12-22T00:00:00Z",183.9,184.16,182.36,183.6,22175936.0
"NVDA.US","US","USD","2025-12-23T00:00:00Z",182.95,189.33,182.9,189.22,32914119.0
"NVDA.US","US","USD","2025-12-24T00:00:00Z",187.95,188.72,186.59,188.62,11821189.0
"NVDA.US","US","USD","2025-12-26T00:00:00Z",189.96,192.685,189.61,190.53,27638860.0
"NVDA.US","US","USD","2025-12-29T00:00:00Z",187.735,188.755,185.93,188.23,19842043.0
"NVDA.US","US","USD","2025-12-30T00:00:00Z",188.19,188.99,186.94,187.55,17058050.0
"NVDA.US","US","USD","2025-12-31T00:00:00Z",189.47,190.56,186.49,186.49,17208744.0
"NVDA.US","US","USD","2026-01-02T00:00:00Z",189.715,192.9,188.265,188.81,28339058.0
"NVDA.US","US","USD","2026-01-05T00:00:00Z",191.72,193.63,186.16,188.11,31043927.0
"NVDA.US","US","USD","2026-01-06T00:00:00Z",190.47,192.17,186.83,187.27,29633712.0
"NVDA.US","US","USD","2026-01-07T00:00:00Z",188.57,191.355,186.57,189.25,25699096.0
"NVDA.US","US","USD","2026-01-08T00:00:00Z",189.11,189.55,183.71,185.04,32456583.0
"NVDA.US","US","USD","2026-01-09T00:00:00Z",185.14,186.34,183.68,184.85,22261999.0
"NVDA.US","US","USD","2026-01-12T00:00:00Z",183.22,187.11,183.13,184.89,21363712.0
"NVDA.US","US","USD","2026-01-13T00:00:00Z",184.92,188.1,183.42,185.81,28351291.0
"NVDA.US","US","USD","2026-01-14T00:00:00Z",184.325,184.46,180.81,183.21,31466254.0
"NVDA.US","US","USD","2026-01-15T00:00:00Z",186.47,189.7,186.33,187.16,40945094.0
"NVDA.US","US","USD","2026-01-16T00:00:00Z",189.075,190.425,186.08,186.22,33809467.0
"NVDA.US","US","USD","2026-01-20T00:00:00Z",181.9,182.37,177.63,178.21,41982729.0
"NVDA.US","US","USD","2026-01-21T00:00:00Z",178.96,185.37,178.42,183.34,41230068.0
"NVDA.US","US","USD","2026-01-22T00:00:00Z",184.76,186.17,183.93,184.85,24709022.0
"NVDA.US","US","USD","2026-01-23T00:00:00Z",187.485,189.6,186.83,187.67,26213127.0
"NVDA.US","US","USD","2026-01-26T00:00:00Z",187.18,189.11,185.99,186.39,20436072.0
"NVDA.US","US","USD","2026-01-27T00:00:00Z",187.22,190.0,185.71,188.54,24957595.0
"NVDA.US","US","USD","2026-01-28T00:00:00Z",191.29,192.35,189.84,191.53,27960962.0
"NVDA.US","US","USD","2026-01-29T00:00:00Z",191.34,193.48,186.06,192.43,39640189.0
"NVDA.US","US","USD","2026-01-30T00:00:00Z",191.24,194.49,189.49,191.38,36233757.0
"NVDA.US","US","USD","2026-02-02T00:00:00Z",187.2,190.295,184.88,185.69,30842329.0
"NVDA.US","US","USD","2026-02-03T00:00:00Z",186.215,186.215,176.235,180.33,43771717.0
"NVDA.US","US","USD","2026-02-04T00:00:00Z",179.44,179.57,171.91,174.2,45233394.0
"NVDA.US","US","USD","2026-02-05T00:00:00Z",174.925,176.81,171.03,171.89,36980770.0
"NVDA.US","US","USD","2026-02-06T00:00:00Z",176.69,187.0,174.6,185.41,49179389.0
"NVDA.US","US","USD","2026-02-09T00:00:00Z",184.26,193.66,184.0,189.79,41203918.0
"NVDA.US","US","USD","2026-02-10T00:00:00Z",191.365,192.48,188.12,188.61,23247219.0
"NVDA.US","US","USD","2026-02-11T00:00:00Z",192.4,193.26,188.78,190.04,29701232.0
"NVDA.US","US","USD","2026-02-12T00:00:00Z",192.97,193.61,186.52,186.86,39643817.0
"NVDA.US","US","USD","2026-02-13T00:00:00Z",187.33,187.44,181.59,182.77,32097104.0
"NVDA.US","US","USD","2026-02-17T00:00:00Z",181.76,187.14,179.18,185.0,29490774.0
"NVDA.US","US","USD","2026-02-18T00:00:00Z",188.75,190.37,186.77,187.84,32474943.0
"NVDA.US","US","USD","2026-02-19T00:00:00Z",187.07,188.43,185.66,187.89,20303795.0
"NVDA.US","US","USD","2026-02-20T00:00:00Z",186.49,190.33,185.94,189.81,37933563.0
"NVDA.US","US","USD","2026-02-23T00:00:00Z",191.46,193.95,189.58,191.64,34056004.0
"NVDA.US","US","USD","2026-02-24T00:00:00Z",191.49,193.77,187.4,192.87,32266071.0
"NVDA.US","US","USD","2026-02-25T00:00:00Z",194.45,197.62,193.8,195.67,38140884.0
"NVDA.US","US","USD","2026-02-26T00:00:00Z",194.21,194.21,184.32,184.9,69129960.0
"NVDA.US","US","USD","2026-02-27T00:00:00Z",181.22,182.58,176.38,177.15,55268366.0
"NVDA.US","US","USD","2026-03-02T00:00:00Z",174.97,183.46,174.64,182.35,38430529.0
"NVDA.US","US","USD","2026-03-03T00:00:00Z",178.5,180.89,176.92,180.08,34629724.0
"NVDA.US","US","USD","2026-03-04T00:00:00Z",180.28,184.7,180.06,182.9,32261225.0
"NVDA.US","US","USD","2026-03-05T00:00:00Z",181.17,184.05,177.89,183.33,38865681.0
"NVDA.US","US","USD","2026-03-06T00:00:00Z",179.87,182.75,176.83,177.69,34082289.0
"NVDA.US","US","USD","2026-03-09T00:00:00Z",176.86,182.91,175.58,182.64,37117215.0
"NVDA.US","US","USD","2026-03-10T00:00:00Z",182.4,186.44,182.015,184.76,33753182.0
"NVDA.US","US","USD","2026-03-11T00:00:00Z",185.91,187.62,184.46,186.01,24552890.0
"NVDA.US","US","USD","2026-03-12T00:00:00Z",184.05,184.935,181.755,183.01,27556222.0
"NVDA.US","US","USD","2026-03-13T00:00:00Z",184.91,186.09,179.94,180.26,32291477.0
"NVDA.US","US","USD","2026-03-16T00:00:00Z",182.94,188.87,181.42,183.13,42409766.0
"NVDA.US","US","USD","2026-03-17T00:00:00Z",185.03,185.33,181.69,181.96,27793944.0
"NVDA.US","US","USD","2026-03-18T00:00:00Z",182.49,183.38,180.33,180.35,28581243.0
"NVDA.US","US","USD","2026-03-19T00:00:00Z",178.01,179.98,175.79,178.5,33636637.0
"NVDA.US","US","USD","2026-03-20T00:00:00Z",178.0,178.26,171.73,173.01,44092529.0
"NVDA.US","US","USD","2026-03-23T00:00:00Z",177.245,178.365,174.76,175.51,38518379.0
"NVDA.US","US","USD","2026-03-24T00:00:00Z",174.84,176.22,173.98,175.31,25183467.0
"NVDA.US","US","USD","2026-03-25T00:00:00Z",177.1,181.21,176.86,178.67,33304423.0
"NVDA.US","US","USD","2026-03-26T00:00:00Z",176.115,176.5,171.14,171.23,33968830.0
"NVDA.US","US","USD","2026-03-27T00:00:00Z",170.0,170.97,167.01,167.46,36090440.0
"NVDA.US","US","USD","2026-03-30T00:00:00Z",168.66,169.45,164.28,165.06,34360255.0
"NVDA.US","US","USD","2026-03-31T00:00:00Z",167.02,174.61,166.98,174.31,42150218.0
"NVDA.US","US","USD","2026-04-01T00:00:00Z",176.0,177.365,174.76,175.8,28675114.0
"NVDA.US","US","USD","2026-04-02T00:00:00Z",172.045,177.48,171.38,177.4,26512763.0
"NVDA.US","US","USD","2026-04-06T00:00:00Z",177.155,177.79,175.77,177.64,18546270.0
"NVDA.US","US","USD","2026-04-07T00:00:00Z",175.71,178.22,173.66,178.1,23489731.0
"NVDA.US","US","USD","2026-04-08T00:00:00Z",184.5,185.26,180.3,182.09,24649964.0
"NVDA.US","US","USD","2026-04-09T00:00:00Z",181.84,184.08,180.65,183.85,19116545.0
"NVDA.US","US","USD","2026-04-10T00:00:00Z",184.37,190.0,184.37,188.64,31093764.0
"NVDA.US","US","USD","2026-04-13T00:00:00Z",186.1,189.65,185.74,189.21,20456425.0
"NVDA.US","US","USD","2026-04-14T00:00:00Z",190.8,196.5,190.8,196.49,28333038.0
"NVDA.US","US","USD","2026-04-15T00:00:00Z",196.54,200.4,195.74,198.87,33261092.0
"NVDA.US","US","USD","2026-04-16T00:00:00Z",197.755,199.84,195.815,198.24,22250678.0
"NVDA.US","US","USD","2026-04-17T00:00:00Z",199.88,201.7,199.27,201.65,31294937.0
"NVDA.US","US","USD","2026-04-20T00:00:00Z",199.98,202.17,197.84,202.11,21600323.0
"NVDA.US","US","USD","2026-04-21T00:00:00Z",202.13,202.75,199.0,199.91,18885232.0
"NVDA.US","US","USD","2026-04-22T00:00:00Z",201.0,202.5,199.33,202.42,19721713.0
"NVDA.US","US","USD","2026-04-23T00:00:00Z",202.4,203.82,197.24,199.71,18721741.0
"NVDA.US","US","USD","2026-04-24T00:00:00Z",200.23,210.94,199.81,208.19,41715542.0
"NVDA.US","US","USD","2026-04-27T00:00:00Z",209.695,216.82,207.38,216.61,33895162.0
"NVDA.US","US","USD","2026-04-28T00:00:00Z",209.49,214.72,208.21,213.15,29512722.0
"NVDA.US","US","USD","2026-04-29T00:00:00Z",212.665,212.665,207.58,209.35,19564583.0
"NVDA.US","US","USD","2026-04-30T00:00:00Z",209.81,210.3,198.7,199.52,40295972.0
"NVDA.US","US","USD","2026-05-01T00:00:00Z",201.28,203.0,197.12,198.45,77241320.0
"NVDA.US","US","USD","2026-05-04T00:00:00Z",199.5,201.73,194.74,198.48,75581639.0
"NVDA.US","US","USD","2026-05-05T00:00:00Z",199.3,200.24,196.03,196.5,62246630.0
"NVDA.US","US","USD","2026-05-06T00:00:00Z",199.89,208.265,198.61,207.83,102798158.0
"NVDA.US","US","USD","2026-05-07T00:00:00Z",208.34,214.2,206.5,211.5,100464538.0
"NVDA.US","US","USD","2026-05-08T00:00:00Z",213.03,217.8,212.89,215.2,77956711.0
"NVDA.US","US","USD","2026-05-11T00:00:00Z",214.035,222.3,213.92,219.44,95414833.0
"NVDA.US","US","USD","2026-05-12T00:00:00Z",218.545,223.75,214.92,220.78,96244023.0
"NVDA.US","US","USD","2026-05-13T00:00:00Z",224.93,227.84,221.565,225.83,86976648.0
"NVDA.US","US","USD","2026-05-14T00:00:00Z",229.85,236.54,229.31,235.74,109514024.0
"NVDA.US","US","USD","2026-05-15T00:00:00Z",229.76,231.5,224.25,225.32,94161901.0
"NVDA.US","US","USD","2026-05-18T00:00:00Z",229.87,230.0,218.37,222.32,85389581.0
"NVDA.US","US","USD","2026-05-19T00:00:00Z",219.62,224.48,217.91,220.61,79587679.0
"NVDA.US","US","USD","2026-05-20T00:00:00Z",223.18,226.13,220.495,223.47,85766329.0
"NVDA.US","US","USD","2026-05-21T00:00:00Z",222.29,227.4,217.93,219.51,121459336.0
"NVDA.US","US","USD","2026-05-22T00:00:00Z",220.904,221.01,214.86,215.33,93613756.0
"NVDA.US","US","USD","2026-05-26T00:00:00Z",216.54,218.18,212.0,214.86,94790946.0
"NVDA.US","US","USD","2026-05-27T00:00:00Z",214.12,214.14,208.78,212.6,89576116.0
"NVDA.US","US","USD","2026-05-28T00:00:00Z",211.275,215.519,211.26,214.25,72832987.0
"NVDA.US","US","USD","2026-05-29T00:00:00Z",214.575,217.86,211.13,211.14,96943331.0
"NVDA.US","US","USD","2026-06-01T00:00:00Z",215.73,224.87,215.705,224.36,112402085.0
"NVDA.US","US","USD","2026-06-02T00:00:00Z",227.18,232.28,221.35,222.82,109854383.0
"NVDA.US","US","USD","2026-06-03T00:00:00Z",221.72,222.82,214.51,214.75,87284397.0
"NVDA.US","US","USD","2026-06-04T00:00:00Z",213.905,221.6,210.97,218.66,93935721.0
"NVDA.US","US","USD","2026-06-05T00:00:00Z",214.53,214.87,204.34,205.1,113807429.0
"NVDA.US","US","USD","2026-06-08T00:00:00Z",210.18,210.39,206.0,208.64,68075470.0
"NVDA.US","US","USD","2026-06-09T00:00:00Z",210.615,211.39,199.34,208.19,101734256.0
"NVDA.US","US","USD","2026-06-10T00:00:00Z",204.43,207.22,199.92,200.42,84211275.0
"NVDA.US","US","USD","2026-06-11T00:00:00Z",201.49,205.66,199.54,204.87,77378960.0
"NVDA.US","US","USD","2026-06-12T00:00:00Z",204.86,207.07,203.439,205.19,61976909.0
"NVDA.US","US","USD","2026-06-15T00:00:00Z",208.92,212.711,208.34,212.45,67573674.0
"NVDA.US","US","USD","2026-06-16T00:00:00Z",211.18,211.49,207.29,207.41,57787503.0
"NVDA.US","US","USD","2026-06-17T00:00:00Z",208.53,209.21,203.45,204.65,62041742.0
"NVDA.US","US","USD","2026-06-18T00:00:00Z",207.33,211.39,206.5,210.69,65297872.0
"NVDA.US","US","USD","2026-06-22T00:00:00Z",211.44,213.99,207.72,208.65,63712878.0
"NVDA.US","US","USD","2026-06-23T00:00:00Z",202.17,203.77,200.0,200.04,68014269.0
"NVDA.US","US","USD","2026-06-24T00:00:00Z",200.12,201.65,196.58,199.0,67822953.0
"NVDA.US","US","USD","2026-06-25T00:00:00Z",200.08,200.685,192.13,195.74,77819462.0
"NVDA.US","US","USD","2026-06-26T00:00:00Z",193.12,195.55,191.22,192.53,64828257.0
"NVDA.US","US","USD","2026-06-29T00:00:00Z",193.85,196.17,189.8,194.97,68069056.0
"NVDA.US","US","USD","2026-06-30T00:00:00Z",197.24,200.63,195.11,200.09,69754085.0
"NVDA.US","US","USD","2026-07-01T00:00:00Z",196.2,199.85,193.45,197.58,69111202.0
"NVDA.US","US","USD","2026-07-02T00:00:00Z",197.14,200.055,192.35,194.83,69594637.0
"NVDA.US","US","USD","2026-07-06T00:00:00Z",194.42,197.55,194.0,195.55,51249125.0
"NVDA.US","US","USD","2026-07-07T00:00:00Z",192.37,198.41,191.15,196.93,70076473.0
"NVDA.US","US","USD","2026-07-08T00:00:00Z",195.18,205.15,195.105,204.12,82859835.0
"NVDA.US","US","USD","2026-07-09T00:00:00Z",204.46,204.58,198.97,202.78,72210265.0
"NVDA.US","US","USD","2026-07-10T00:00:00Z",202.0,211.0,201.92,210.96,80216827.0
"NVDA.US","US","USD","2026-07-13T00:00:00Z",208.54,210.57,203.35,203.53,64548395.0
"NVDA.US","US","USD","2026-07-14T00:00:00Z",208.2,212.54,203.8,211.8,69192774.0
"NVDA.US","US","USD","2026-07-15T00:00:00Z",211.96,213.81,206.04,212.5,66727265.0
"NVDA.US","US","USD","2026-07-16T00:00:00Z",210.17,211.08,205.85,207.4,63816948.0
"NVDA.US","US","USD","2026-07-17T00:00:00Z",202.64,206.645,197.97,202.81,72576838.0
"NVDA.US","US","USD","2026-07-20T00:00:00Z",205.87,207.74,202.28,203.28,47992944.0
"NVDA.US","US","USD","2026-07-21T00:00:00Z",207.54,208.65,204.01,207.29,56086836.0
"NVDA.US","US","USD","2026-07-22T00:00:00Z",205.805,214.39,204.95,212.06,75213045.0
"NVDA.US","US","USD","2026-07-23T00:00:00Z",209.455,210.869,205.96,208.76,59368261.0
"NVDA.US","US","USD","2026-07-24T00:00:00Z",207.45,211.91,204.81,206.84,60376313.0
"NVDA.US","US","USD","2026-07-27T00:00:00Z",208.2,208.73,195.44,196.51,84224234.0
"NVDA.US","US","USD","2026-07-28T00:00:00Z",195.0,198.7,192.74,197.01,69886736.0
"NVDA.US","US","USD","2026-07-29T00:00:00Z",195.845,197.074,190.01,190.01,74783447.0
"NVDA.US","US","USD","2026-07-30T00:00:00Z",193.45,197.25,191.52,195.04,68159912.0
"NVDA.US","US","USD","2026-07-31T00:00:00Z",198.441,201.97,194.95,200.75,68690606.0
"NVDA.US","US","USD","2026-08-03T00:00:00Z",197.69,208.74,196.882,206.64,69183228.0
"NVDA.US","US","USD","2026-08-04T00:00:00Z",211.3,213.06,209.05,211.94,63869987.0
"NVDA.US","US","USD","2026-08-05T00:00:00Z",216.86,222.22,216.4,219.22,89025696.0
"NVDA.US","US","USD","2026-08-06T00:00:00Z",221.53,223.628,217.27,218.99,63223449.0
"NVDA.US","US","USD","2026-08-07T00:00:00Z",221.54,224.76,220.66,223.96,57447238.0
"NVDA.US","US","USD","2026-08-10T00:00:00Z",223.4,224.138,216.77,217.55,61959848.0
"NVDA.US","US","USD","2026-08-11T00:00:00Z",222.17,222.2,216.3,217.5,51723997.0
"NVDA.US","US","USD","2026-08-12T00:00:00Z",221.04,225.1,220.3,224.09,62117765.0
"NVDA.US","US","USD","2026-08-13T00:00:00Z",225.055,227.23,223.71,225.3,54363040.0
"NVDA.US","US","USD","2026-08-14T00:00:00Z",226.765,227.49,224.5,225.16,40408650.0
"NVDA.US","US","USD","2026-08-17T00:00:00Z",225.98,227.92,224.86,225.01,47876403.0
"NVDA.US","US","USD","2026-08-18T00:00:00Z",220.45,221.64,218.69,219.74,52675632.0
"NVDA.US","US","USD","2026-08-19T00:00:00Z",221.67,222.87,216.76,217.56,51104985.0
"NVDA.US","US","USD","2026-08-20T00:00:00Z",218.36,219.86,215.66,216.85,44622174.0
"NVDA.US","US","USD","2026-08-21T00:00:00Z",218.42,218.74,214.5,214.72,48346454.0
"NVDA.US","US","USD","2026-08-24T00:00:00Z",215.53,215.59,207.37,208.48,67018638.0
"NVDA.US","US","USD","2026-08-25T00:00:00Z",211.025,214.729,210.11,213.05,62111742.0
"NVDA.US","US","USD","2026-08-26T00:00:00Z",212.64,213.6,209.23,209.66,69355219.0
"NVDA.US","US","USD","2026-08-27T00:00:00Z",222.86,230.47,220.9,227.98,162338231.0
"NVDA.US","US","USD","2026-08-28T00:00:00Z",227.36,229.26,216.81,217.55,114147060.0
"NVDA.US","US","USD","2026-08-31T00:00:00Z",218.87,221.3,216.21,220.78,63676347.0
"NVDA.US","US","USD","2026-09-01T00:00:00Z",216.75,220.41,215.1,217.44,58290549.0
"NVDA.US","US","USD","2026-09-02T00:00:00Z",218.785,227.95,218.48,224.41,90925951.0
"NVDA.US","US","USD","2026-09-03T00:00:00Z",226.02,230.4,224.75,228.45,75849277.0
"NVDA.US","US","USD","2026-09-04T00:00:00Z",231.09,234.76,229.63,230.36,76351615.0
"NVDA.US","US","USD","2026-09-08T00:00:00Z",233.11,233.71,224.85,225.73,67331258.0
"NVDA.US","US","USD","2026-09-09T00:00:00Z",225.275,226.18,223.46,223.67,45291513.0
"NVDA.US","US","USD","2026-09-10T00:00:00Z",220.525,220.99,217.2,218.36,53462588.0
"NVDA.US","US","USD","2026-09-11T00:00:00Z",221.235,222.0,218.15,218.29,45331777.0
"NVDA.US","US","USD","2026-09-14T00:00:00Z",211.24,212.77,208.93,210.96,62485116.0
"NVDA.US","US","USD","2026-09-15T00:00:00Z",213.375,213.94,211.16,212.17,41727735.0
"NVDA.US","US","USD","2026-09-16T00:00:00Z",214.14,216.76,212.5,213.9,52292534.0
"NVDA.US","US","USD","2026-09-17T00:00:00Z",218.375,219.9,217.145,219.34,45855073.0
"NVDA.US","US","USD","2026-09-18T00:00:00Z",219.35,222.73,218.04,222.27,61229076.0
"NVDA.US","US","USD","2026-09-21T00:00:00Z",222.935,228.5,221.56,227.38,58433123.0
"NVDA.US","US","USD","2026-09-22T00:00:00Z",226.85,229.98,226.5,228.87,49249074.0
"NVDA.US","US","USD","2026-09-23T00:00:00Z",228.03,228.95,224.02,225.51,43892704.0
"NVDA.US","US","USD","2026-09-24T00:00:00Z",222.08,224.9,221.091,224.58,41309300.0
"NVDA.US","US","USD","2026-09-25T00:00:00Z",225.13,226.94,223.133,225.07,45983616.0
"TSLA.US","US","USD","2025-09-26T00:00:00Z",428.385,440.47,421.04,440.28,21851831.0
"TSLA.US","US","USD","2025-09-29T00:00:00Z",444.33,450.98,439.5,443.22,18361773.0
"TSLA.US","US","USD","2025-09-30T00:00:00Z",441.81,445.0,433.15,444.54,17170061.0
"TSLA.US","US","USD","2025-10-01T00:00:00Z",443.74,462.29,440.76,459.47,23074776.0
"TSLA.US","US","USD","2025-10-02T00:00:00Z",469.64,470.75,435.57,435.97,31122267.0
"TSLA.US","US","USD","2025-10-03T00:00:00Z",443.315,446.72,416.6,429.84,29432962.0
"TSLA.US","US","USD","2025-10-06T00:00:00Z",440.87,453.55,436.7,453.36,17973375.0
"TSLA.US","US","USD","2025-10-07T00:00:00Z",447.8,452.65,432.46,432.87,20975472.0
"TSLA.US","US","USD","2025-10-08T00:00:00Z",437.1,441.29,425.28,438.6,14414066.0
"TSLA.US","US","USD","2025-10-09T00:00:00Z",431.81,436.325,426.18,435.53,13929693.0
"TSLA.US","US","USD","2025-10-10T00:00:00Z",436.5,443.13,411.45,413.27,24797196.0
"TSLA.US","US","USD","2025-10-13T00:00:00Z",423.07,436.89,419.71,435.9,14781680.0
"TSLA.US","US","USD","2025-10-14T00:00:00Z",426.56,434.2,417.89,429.23,13211077.0
"TSLA.US","US","USD","2025-10-15T00:00:00Z",434.82,440.51,426.34,435.19,13477706.0
"TSLA.US","US","USD","2025-10-16T00:00:00Z",434.75,439.35,421.37,428.585,15250738.0
"TSLA.US","US","USD","2025-10-17T00:00:00Z",426.07,441.44,423.67,439.3,17840754.0
"TSLA.US","US","USD","2025-10-20T00:00:00Z",443.7,449.8,440.62,447.4,11409770.0
"TSLA.US","US","USD","2025-10-21T00:00:00Z",445.755,449.29,442.06,442.5,10468882.0
"TSLA.US","US","USD","2025-10-22T00:00:00Z",443.45,445.53,429.0,438.72,14693579.0
"TSLA.US","US","USD","2025-10-23T00:00:00Z",420.0,449.39,413.93,448.97,27771373.0
"TSLA.US","US","USD","2025-10-24T00:00:00Z",447.08,451.68,430.19,433.65,20588876.0
"TSLA.US","US","USD","2025-10-27T00:00:00Z",439.89,460.15,438.75,452.35,25396188.0
"TSLA.US","US","USD","2025-10-28T00:00:00Z",454.75,467.0,451.7,460.55,17437020.0
"TSLA.US","US","USD","2025-10-29T00:00:00Z",462.57,465.7,452.661,461.47,14444583.0
"TSLA.US","US","USD","2025-10-30T00:00:00Z",451.05,455.04,439.64,440.01,15171201.0
"TSLA.US","US","USD","2025-10-31T00:00:00Z",447.22,458.0,443.7,456.51,17964099.0
"TSLA.US","US","USD","2025-11-03T00:00:00Z",456.0,474.07,453.8,468.36,18069990.0
"TSLA.US","US","USD","2025-11-04T00:00:00Z",454.37,460.22,443.8,444.23,17915841.0
"TSLA.US","US","USD","2025-11-05T00:00:00Z",451.985,466.3,440.71,462.25,16720932.0
"TSLA.US","US","USD","2025-11-06T00:00:00Z",461.8,467.45,435.09,446.01,21053612.0
"TSLA.US","US","USD","2025-11-07T00:00:00Z",437.92,437.92,421.88,429.38,21142161.0
"TSLA.US","US","USD","2025-11-10T00:00:00Z",439.52,449.67,433.36,445.26,14914605.0
"TSLA.US","US","USD","2025-11-11T00:00:00Z",439.4,442.475,432.38,439.4,11484195.0
"TSLA.US","US","USD","2025-11-12T00:00:00Z",442.11,442.3,426.56,430.57,11388865.0
"TSLA.US","US","USD","2025-11-13T00:00:00Z",422.25,424.5,396.44,401.94,27505916.0
"TSLA.US","US","USD","2025-11-14T00:00:00Z",386.1,412.17,382.8,404.27,20630950.0
"TSLA.US","US","USD","2025-11-17T00:00:00Z",399.07,423.96,398.96,408.91,21064949.0
"TSLA.US","US","USD","2025-11-18T00:00:00Z",405.38,408.9,393.71,401.26,15786241.0
"TSLA.US","US","USD","2025-11-19T00:00:00Z",406.21,411.75,398.5,404.09,12873561.0
"TSLA.US","US","USD","2025-11-20T00:00:00Z",414.8,428.94,394.74,395.08,24737736.0
"TSLA.US","US","USD","2025-11-21T00:00:00Z",401.61,402.8,383.78,391.2,19756470.0
"TSLA.US","US","USD","2025-11-24T00:00:00Z",402.18,421.71,401.15,417.52,20159277.0
"TSLA.US","US","USD","2025-11-25T00:00:00Z",414.31,420.48,405.95,419.31,13289912.0
"TSLA.US","US","USD","2025-11-26T00:00:00Z",424.05,426.94,416.9,426.5,11249587.0
"TSLA.US","US","USD","2025-11-28T00:00:00Z",426.45,432.93,426.21,430.18,6951604.0
"TSLA.US","US","USD","2025-12-01T00:00:00Z",425.35,433.64,425.3,430.26,9575920.0
"TSLA.US","US","USD","2025-12-02T00:00:00Z",430.76,436.8,422.15,429.01,12999153.0
"TSLA.US","US","USD","2025-12-03T00:00:00Z",431.58,447.9,431.12,446.88,18315912.0
"TSLA.US","US","USD","2025-12-04T00:00:00Z",449.69,454.63,445.41,454.51,13565762.0
"TSLA.US","US","USD","2025-12-05T00:00:00Z",453.15,458.87,451.66,454.94,11043908.0
"TSLA.US","US","USD","2025-12-08T00:00:00Z",447.32,449.7,435.26,439.59,12682633.0
"TSLA.US","US","USD","2025-12-09T00:00:00Z",437.55,452.38,435.75,445.21,12055928.0
"TSLA.US","US","USD","2025-12-10T00:00:00Z",446.015,456.88,443.61,451.41,12146642.0
"TSLA.US","US","USD","2025-12-11T00:00:00Z",448.945,449.25,440.39,446.94,10680431.0
"TSLA.US","US","USD","2025-12-12T00:00:00Z",448.2,463.01,441.67,459.13,19574575.0
"TSLA.US","US","USD","2025-12-15T00:00:00Z",469.44,481.76,467.7,475.07,22901377.0
"TSLA.US","US","USD","2025-12-16T00:00:00Z",472.15,491.5,465.83,489.8,20587362.0
"TSLA.US","US","USD","2025-12-17T00:00:00Z",488.2,495.24,466.23,467.16,19997211.0
"TSLA.US","US","USD","2025-12-18T00:00:00Z",477.9,490.86,473.13,483.38,18999804.0
"TSLA.US","US","USD","2025-12-19T00:00:00Z",487.84,490.49,474.72,480.91,16204474.0
"TSLA.US","US","USD","2025-12-22T00:00:00Z",489.88,498.82,485.35,488.77,17831922.0
"TSLA.US","US","USD","2025-12-23T00:00:00Z",489.3,491.97,482.85,485.61,10936800.0
"TSLA.US","US","USD","2025-12-24T00:00:00Z",488.3,490.9,476.81,485.4,7404564.0
"TSLA.US","US","USD","2025-12-26T00:00:00Z",484.865,489.02,473.83,475.2,11447239.0
"TSLA.US","US","USD","2025-12-29T00:00:00Z",469.155,469.37,459.31,459.62,11885780.0
"TSLA.US","US","USD","2025-12-30T00:00:00Z",461.05,463.1,453.84,454.43,9811024.0
"TSLA.US","US","USD","2025-12-31T00:00:00Z",456.05,456.5,449.34,449.66,8093089.0
"TSLA.US","US","USD","2026-01-02T00:00:00Z",457.77,458.33,435.31,438.1,16206427.0
"TSLA.US","US","USD","2026-01-05T00:00:00Z",447.72,457.53,444.59,451.69,11456210.0
"TSLA.US","US","USD","2026-01-06T00:00:00Z",445.69,448.21,428.78,433.0,18353479.0
"TSLA.US","US","USD","2026-01-07T00:00:00Z",435.9,438.35,431.31,431.42,10189917.0
"TSLA.US","US","USD","2026-01-08T00:00:00Z",427.37,436.89,424.365,435.84,9724022.0
"TSLA.US","US","USD","2026-01-09T00:00:00Z",435.885,449.04,430.4,445.06,12705386.0
"TSLA.US","US","USD","2026-01-12T00:00:00Z",441.31,454.25,438.0,448.93,10388335.0
"TSLA.US","US","USD","2026-01-13T00:00:00Z",450.2,451.8,443.95,447.17,8925046.0
"TSLA.US","US","USD","2026-01-14T00:00:00Z",442.27,443.9,434.25,439.37,10794763.0
"TSLA.US","US","USD","2026-01-15T00:00:00Z",440.94,445.36,437.65,438.33,8257422.0
"TSLA.US","US","USD","2026-01-16T00:00:00Z",439.59,447.2,435.27,437.47,10790560.0
"TSLA.US","US","USD","2026-01-20T00:00:00Z",429.25,430.68,417.45,419.25,11705215.0
"TSLA.US","US","USD","2026-01-21T00:00:00Z",421.39,438.14,419.63,431.46,11986658.0
"TSLA.US","US","USD","2026-01-22T00:00:00Z",435.25,449.46,432.63,449.37,13095170.0
"TSLA.US","US","USD","2026-01-23T00:00:00Z",447.33,452.43,444.05,449.07,10507015.0
"TSLA.US","US","USD","2026-01-26T00:00:00Z",444.89,445.0,434.29,435.2,9102704.0
"TSLA.US","US","USD","2026-01-27T00:00:00Z",437.41,437.51,430.7,430.9,6639012.0
"TSLA.US","US","USD","2026-01-28T00:00:00Z",431.81,438.26,430.1,431.46,8711156.0
"TSLA.US","US","USD","2026-01-29T00:00:00Z",437.7,440.22,414.62,416.44,16521440.0
"TSLA.US","US","USD","2026-01-30T00:00:00Z",425.72,439.88,422.76,430.62,17832258.0
"TSLA.US","US","USD","2026-02-02T00:00:00Z",421.315,427.15,414.5,421.79,11241633.0
"TSLA.US","US","USD","2026-02-03T00:00:00Z",424.32,428.55,413.7,421.81,11602817.0
"TSLA.US","US","USD","2026-02-04T00:00:00Z",420.68,423.9,399.19,405.83,15327943.0
"TSLA.US","US","USD","2026-02-05T00:00:00Z",397.01,402.07,387.54,396.92,14273930.0
"TSLA.US","US","USD","2026-02-06T00:00:00Z",400.96,414.55,397.8,411.03,13256452.0
"TSLA.US","US","USD","2026-02-09T00:00:00Z",410.01,421.25,407.3,417.16,9704404.0
"TSLA.US","US","USD","2026-02-10T00:00:00Z",418.08,427.25,417.0,425.12,10602769.0
"TSLA.US","US","USD","2026-02-11T00:00:00Z",428.2,436.33,420.03,428.11,11656373.0
"TSLA.US","US","USD","2026-02-12T00:00:00Z",430.35,436.23,414.0,416.85,12448976.0
"TSLA.US","US","USD","2026-02-13T00:00:00Z",414.14,424.03,410.91,417.45,9081415.0
"TSLA.US","US","USD","2026-02-17T00:00:00Z",412.67,413.7,400.51,410.58,11791019.0
"TSLA.US","US","USD","2026-02-18T00:00:00Z",410.66,416.89,409.58,411.18,8788912.0
"TSLA.US","US","USD","2026-02-19T00:00:00Z",407.33,415.23,404.11,411.69,8681664.0
"TSLA.US","US","USD","2026-02-20T00:00:00Z",408.29,414.67,405.5,411.78,10959792.0
"TSLA.US","US","USD","2026-02-23T00:00:00Z",407.285,407.7,394.05,399.85,15168282.0
"TSLA.US","US","USD","2026-02-24T00:00:00Z",399.5,410.82,397.64,409.36,11655563.0
"TSLA.US","US","USD","2026-02-25T00:00:00Z",412.15,420.34,412.15,417.39,10786910.0
"TSLA.US","US","USD","2026-02-26T00:00:00Z",414.56,416.8,403.71,408.49,10479003.0
"TSLA.US","US","USD","2026-02-27T00:00:00Z",402.94,407.11,398.12,402.41,10332801.0
"TSLA.US","US","USD","2026-03-02T00:00:00Z",390.29,404.53,388.25,403.26,10990324.0
"TSLA.US","US","USD","2026-03-03T00:00:00Z",395.0,396.32,385.42,392.35,12531733.0
"TSLA.US","US","USD","2026-03-04T00:00:00Z",397.845,408.33,394.59,406.06,14625583.0
"TSLA.US","US","USD","2026-03-05T00:00:00Z",401.42,408.62,399.46,405.4,10636881.0
"TSLA.US","US","USD","2026-03-06T00:00:00Z",398.1,402.34,394.23,396.56,14267908.0
"TSLA.US","US","USD","2026-03-09T00:00:00Z",389.81,401.57,381.4,398.64,15293098.0
"TSLA.US","US","USD","2026-03-10T00:00:00Z",402.22,406.57,398.19,399.235,13039774.0
"TSLA.US","US","USD","2026-03-11T00:00:00Z",402.29,416.35,402.15,407.84,14133831.0
"TSLA.US","US","USD","2026-03-12T00:00:00Z",405.045,406.5,394.65,395.0,13085780.0
"TSLA.US","US","USD","2026-03-13T00:00:00Z",399.165,400.16,389.95,391.14,11788226.0
"TSLA.US","US","USD","2026-03-16T00:00:00Z",396.0,403.73,394.42,395.49,12904939.0
"TSLA.US","US","USD","2026-03-17T00:00:00Z",395.74,400.12,393.0,399.21,9899712.0
"TSLA.US","US","USD","2026-03-18T00:00:00Z",399.19,403.065,392.315,392.85,10955632.0
"TSLA.US","US","USD","2026-03-19T00:00:00Z",386.48,386.62,378.74,380.26,15488548.0
"TSLA.US","US","USD","2026-03-20T00:00:00Z",379.01,379.89,364.48,367.97,17151679.0
"TSLA.US","US","USD","2026-03-23T00:00:00Z",373.2,385.33,373.01,380.85,16822116.0
"TSLA.US","US","USD","2026-03-24T00:00:00Z",376.45,387.47,376.33,383.12,13058339.0
"TSLA.US","US","USD","2026-03-25T00:00:00Z",389.82,396.22,385.01,385.94,11309842.0
"TSLA.US","US","USD","2026-03-26T00:00:00Z",381.62,384.42,371.88,372.24,11184414.0
"TSLA.US","US","USD","2026-03-27T00:00:00Z",369.8,369.85,359.48,361.76,12414810.0
"TSLA.US","US","USD","2026-03-30T00:00:00Z",365.87,367.26,352.14,355.28,12766340.0
"TSLA.US","US","USD","2026-03-31T00:00:00Z",361.5,373.33,361.41,371.75,16565909.0
"TSLA.US","US","USD","2026-04-01T00:00:00Z",378.63,383.12,374.09,381.26,11944512.0
"TSLA.US","US","USD","2026-04-02T00:00:00Z",364.01,370.28,359.04,360.56,16469764.0
"TSLA.US","US","USD","2026-04-06T00:00:00Z",362.11,367.7,346.65,352.79,13955273.0
"TSLA.US","US","USD","2026-04-07T00:00:00Z",346.27,348.02,337.25,346.56,13192441.0
"TSLA.US","US","USD","2026-04-08T00:00:00Z",364.0,364.5,339.67,343.24,15485719.0
"TSLA.US","US","USD","2026-04-09T00:00:00Z",343.25,348.88,337.27,345.59,11434178.0
"TSLA.US","US","USD","2026-04-10T00:00:00Z",346.265,350.36,342.75,348.88,8817793.0
"TSLA.US","US","USD","2026-04-13T00:00:00Z",350.06,356.31,348.58,352.39,9143439.0
"TSLA.US","US","USD","2026-04-14T00:00:00Z",357.36,367.63,354.77,364.16,10889625.0
"TSLA.US","US","USD","2026-04-15T00:00:00Z",366.52,394.65,362.5,392.03,21961586.0
"TSLA.US","US","USD","2026-04-16T00:00:00Z",393.72,394.06,381.81,388.79,11910841.0
"TSLA.US","US","USD","2026-04-17T00:00:00Z",396.24,409.27,391.65,400.66,17888924.0
"TSLA.US","US","USD","2026-04-20T00:00:00Z",402.58,406.8,388.33,392.46,12751943.0
"TSLA.US","US","USD","2026-04-21T00:00:00Z",393.0,393.95,385.25,386.48,9391792.0
"TSLA.US","US","USD","2026-04-22T00:00:00Z",387.59,393.01,385.3,387.2,9259767.0
"TSLA.US","US","USD","2026-04-23T00:00:00Z",375.2,385.3,368.4,373.63,19537415.0
"TSLA.US","US","USD","2026-04-24T00:00:00Z",373.0,382.76,370.76,376.16,13406620.0
"TSLA.US","US","USD","2026-04-27T00:00:00Z",372.095,380.78,364.02,378.7,14536552.0
"TSLA.US","US","USD","2026-04-28T00:00:00Z",374.45,382.28,372.55,375.94,10350533.0
"TSLA.US","US","USD","2026-04-29T00:00:00Z",375.0,376.39,370.04,372.79,10249967.0
"TSLA.US","US","USD","2026-04-30T00:00:00Z",372.3,384.7,368.18,381.54,11187853.0
"TSLA.US","US","USD","2026-05-01T00:00:00Z",382.485,397.821,378.91,390.82,44018869.0
"TSLA.US","US","USD","2026-05-04T00:00:00Z",390.23,394.64,384.8,392.51,33015259.0
"TSLA.US","US","USD","2026-05-05T00:00:00Z",395.185,402.09,389.0,389.37,32447282.0
"TSLA.US","US","USD","2026-05-06T00:00:00Z",386.25,401.68,384.073,398.73,32781891.0
"TSLA.US","US","USD","2026-05-07T00:00:00Z",407.48,415.83,402.12,411.79,41824237.0
"TSLA.US","US","USD","2026-05-08T00:00:00Z",416.475,431.2,416.39,428.35,40243092.0
"TSLA.US","US","USD","2026-05-11T00:00:00Z",422.16,449.16,416.8,445.0,51476768.0
"TSLA.US","US","USD","2026-05-12T00:00:00Z",441.41,447.8,422.26,433.45,41586743.0
"TSLA.US","US","USD","2026-05-13T00:00:00Z",436.665,453.4,430.21,445.27,45197326.0
"TSLA.US","US","USD","2026-05-14T00:00:00Z",446.49,451.97,441.16,443.3,31021496.0
"TSLA.US","US","USD","2026-05-15T00:00:00Z",433.98,434.66,422.0,422.24,31212034.0
"TSLA.US","US","USD","2026-05-18T00:00:00Z",419.27,421.13,405.33,409.99,33766498.0
"TSLA.US","US","USD","2026-05-19T00:00:00Z",403.16,405.63,393.63,404.11,31528443.0
"TSLA.US","US","USD","2026-05-20T00:00:00Z",407.6,417.46,406.39,417.26,27640890.0
"TSLA.US","US","USD","2026-05-21T00:00:00Z",422.175,426.95,412.9,417.85,27860476.0
"TSLA.US","US","USD","2026-05-22T00:00:00Z",422.665,431.51,420.51,426.01,31543257.0
"TSLA.US","US","USD","2026-05-26T00:00:00Z",430.26,435.2,426.12,433.59,28716689.0
"TSLA.US","US","USD","2026-05-27T00:00:00Z",442.89,445.6,435.52,440.36,27800824.0
"TSLA.US","US","USD","2026-05-28T00:00:00Z",437.615,443.96,436.3,442.1,21181947.0
"TSLA.US","US","USD","2026-05-29T00:00:00Z",439.845,441.07,428.2,435.79,27361237.0
"TSLA.US","US","USD","2026-06-01T00:00:00Z",427.49,429.54,415.43,415.88,27210149.0
"TSLA.US","US","USD","2026-06-02T00:00:00Z",418.22,424.15,413.65,423.74,22981348.0
"TSLA.US","US","USD","2026-06-03T00:00:00Z",418.7,433.6,416.0,423.7,29070095.0
"TSLA.US","US","USD","2026-06-04T00:00:00Z",419.84,426.35,417.16,418.45,22544309.0
"TSLA.US","US","USD","2026-06-05T00:00:00Z",420.5,424.68,388.59,391.0,38863743.0
"TSLA.US","US","USD","2026-06-08T00:00:00Z",396.33,412.94,394.86,408.95,30869896.0
"TSLA.US","US","USD","2026-06-09T00:00:00Z",411.03,418.5,384.24,396.68,40027519.0
"TSLA.US","US","USD","2026-06-10T00:00:00Z",391.54,397.09,380.15,381.59,31234282.0
"TSLA.US","US","USD","2026-06-11T00:00:00Z",388.28,399.54,380.668,399.15,28717452.0
"TSLA.US","US","USD","2026-06-12T00:00:00Z",399.49,406.68,386.76,406.43,41474883.0
"TSLA.US","US","USD","2026-06-15T00:00:00Z",412.37,416.0,407.1,411.15,28295893.0
"TSLA.US","US","USD","2026-06-16T00:00:00Z",404.11,412.42,400.54,404.66,25875091.0
"TSLA.US","US","USD","2026-06-17T00:00:00Z",401.53,405.89,393.76,396.38,26889261.0
"TSLA.US","US","USD","2026-06-18T00:00:00Z",398.095,402.52,384.7,400.49,31405612.0
"TSLA.US","US","USD","2026-06-22T00:00:00Z",394.85,414.75,394.4,405.05,28510048.0
"TSLA.US","US","USD","2026-06-23T00:00:00Z",392.61,392.61,379.06,381.61,29110777.0
"TSLA.US","US","USD","2026-06-24T00:00:00Z",380.08,384.58,373.05,375.53,22751158.0
"TSLA.US","US","USD","2026-06-25T00:00:00Z",375.27,379.117,371.221,375.12,19058948.0
"TSLA.US","US","USD","2026-06-26T00:00:00Z",370.15,387.8,368.6,379.71,29008727.0
"TSLA.US","US","USD","2026-06-29T00:00:00Z",381.79,413.27,379.3,411.84,36364345.0
"TSLA.US","US","USD","2026-06-30T00:00:00Z",406.0,424.54,406.0,420.6,27027340.0
"TSLA.US","US","USD","2026-07-01T00:00:00Z",421.46,432.86,418.09,425.3,25267701.0
"TSLA.US","US","USD","2026-07-02T00:00:00Z",428.01,432.35,389.301,393.45,45282665.0
"TSLA.US","US","USD","2026-07-06T00:00:00Z",397.5,420.0,390.5,419.77,31939039.0
"TSLA.US","US","USD","2026-07-07T00:00:00Z",416.96,419.55,401.88,402.9,24003364.0
"TSLA.US","US","USD","2026-07-08T00:00:00Z",399.375,399.63,390.51,394.06,21219883.0
"TSLA.US","US","USD","2026-07-09T00:00:00Z",393.99,407.86,390.863,406.55,23921771.0
"TSLA.US","US","USD","2026-07-10T00:00:00Z",410.49,413.16,402.81,407.76,21905394.0
"TSLA.US","US","USD","2026-07-13T00:00:00Z",404.61,405.33,391.37,394.76,20590970.0
"TSLA.US","US","USD","2026-07-14T00:00:00Z",399.05,402.22,394.76,396.18,14987883.0
"TSLA.US","US","USD","2026-07-15T00:00:00Z",399.395,406.59,390.66,394.46,19608454.0
"TSLA.US","US","USD","2026-07-16T00:00:00Z",392.35,395.31,385.32,391.06,19207191.0
"TSLA.US","US","USD","2026-07-17T00:00:00Z",381.78,385.69,377.22,380.84,18604724.0
"TSLA.US","US","USD","2026-07-20T00:00:00Z",386.045,386.39,369.425,369.57,22234675.0
"TSLA.US","US","USD","2026-07-21T00:00:00Z",371.165,384.07,369.99,378.93,19345456.0
"TSLA.US","US","USD","2026-07-22T00:00:00Z",375.53,380.17,372.9,374.01,14694903.0
"TSLA.US","US","USD","2026-07-23T00:00:00Z",341.0,341.86,315.735,319.69,67577621.0
"TSLA.US","US","USD","2026-07-24T00:00:00Z",320.72,322.96,306.51,313.03,40493065.0
"TSLA.US","US","USD","2026-07-27T00:00:00Z",313.24,317.0,304.28,309.22,27849370.0
"TSLA.US","US","USD","2026-07-28T00:00:00Z",305.925,311.15,300.69,307.44,25227150.0
"TSLA.US","US","USD","2026-07-29T00:00:00Z",307.14,309.045,297.38,298.32,24733282.0
"TSLA.US","US","USD","2026-07-30T00:00:00Z",302.7,310.87,301.35,308.85,22354931.0
"TSLA.US","US","USD","2026-07-31T00:00:00Z",309.69,315.5,301.97,311.21,22048404.0
"TSLA.US","US","USD","2026-08-03T00:00:00Z",310.96,324.65,310.425,322.08,23484833.0
"TSLA.US","US","USD","2026-08-04T00:00:00Z",324.0,329.57,320.79,327.35,19816752.0
"TSLA.US","US","USD","2026-08-05T00:00:00Z",323.42,327.14,320.28,321.55,15941021.0
"TSLA.US","US","USD","2026-08-06T00:00:00Z",317.05,323.0,315.521,319.53,16707122.0
"TSLA.US","US","USD","2026-08-07T00:00:00Z",322.34,333.73,321.251,328.58,24200872.0
"TSLA.US","US","USD","2026-08-10T00:00:00Z",326.595,332.05,326.15,330.88,15873893.0
"TSLA.US","US","USD","2026-08-11T00:00:00Z",332.8,336.2,329.53,332.81,15240456.0
"TSLA.US","US","USD","2026-08-12T00:00:00Z",335.0,335.5,323.64,327.51,19106016.0
"TSLA.US","US","USD","2026-08-13T00:00:00Z",327.2,341.64,325.24,339.96,21012258.0
"TSLA.US","US","USD","2026-08-14T00:00:00Z",342.33,351.26,335.331,342.27,29203701.0
"TSLA.US","US","USD","2026-08-17T00:00:00Z",340.69,345.45,337.49,339.3,16926989.0
"TSLA.US","US","USD","2026-08-18T00:00:00Z",333.22,340.53,331.12,336.87,17935653.0
"TSLA.US","US","USD","2026-08-19T00:00:00Z",338.89,351.62,335.7,351.12,22783615.0
"TSLA.US","US","USD","2026-08-20T00:00:00Z",346.2,347.49,338.96,345.13,18689707.0
"TSLA.US","US","USD","2026-08-21T00:00:00Z",349.88,366.5,346.9,362.86,37916729.0
"TSLA.US","US","USD","2026-08-24T00:00:00Z",361.41,363.12,348.26,348.95,24604809.0
"TSLA.US","US","USD","2026-08-25T00:00:00Z",349.58,357.0,349.2,350.25,20615335.0
"TSLA.US","US","USD","2026-08-26T00:00:00Z",345.27,351.93,342.53,345.82,18388581.0
"TSLA.US","US","USD","2026-08-27T00:00:00Z",346.155,355.74,345.45,354.81,20248896.0
"TSLA.US","US","USD","2026-08-28T00:00:00Z",357.095,358.8,345.2,348.75,19566483.0
"TSLA.US","US","USD","2026-08-31T00:00:00Z",347.21,368.92,347.15,367.95,38171131.0
"TSLA.US","US","USD","2026-09-01T00:00:00Z",360.9,362.7,352.96,356.09,22952704.0
"TSLA.US","US","USD","2026-09-02T00:00:00Z",360.41,360.62,349.92,357.01,22790734.0
"TSLA.US","US","USD","2026-09-03T00:00:00Z",365.82,384.04,365.82,376.365,41089598.0
"TSLA.US","US","USD","2026-09-04T00:00:00Z",362.07,364.69,351.32,354.08,41029634.0
"TSLA.US","US","USD","2026-09-08T00:00:00Z",357.095,370.0,356.0,368.16,31842273.0
"TSLA.US","US","USD","2026-09-09T00:00:00Z",368.25,375.44,367.25,367.81,21946452.0
"TSLA.US","US","USD","2026-09-10T00:00:00Z",360.595,369.21,357.68,363.56,19588508.0
"TSLA.US","US","USD","2026-09-11T00:00:00Z",364.2,368.66,361.6,365.44,19194058.0
"TSLA.US","US","USD","2026-09-14T00:00:00Z",359.78,367.73,357.04,358.97,20401870.0
"TSLA.US","US","USD","2026-09-15T00:00:00Z",358.75,362.39,354.05,356.58,20778397.0
"TSLA.US","US","USD","2026-09-16T00:00:00Z",357.925,365.05,354.891,358.08,21588860.0
"TSLA.US","US","USD","2026-09-17T00:00:00Z",367.48,374.12,363.22,366.2,24716232.0
"TSLA.US","US","USD","2026-09-18T00:00:00Z",369.0,370.9,360.751,364.27,30129142.0
"TSLA.US","US","USD","2026-09-21T00:00:00Z",371.635,378.36,371.1,375.3,23000227.0
"TSLA.US","US","USD","2026-09-22T00:00:00Z",379.069,380.418,372.88,378.9,19012827.0
"TSLA.US","US","USD","2026-09-23T00:00:00Z",380.1,386.7,377.575,380.12,22579829.0
"TSLA.US","US","USD","2026-09-24T00:00:00Z",377.35,383.332,375.7,377.94,17718508.0
"TSLA.US","US","USD","2026-09-25T00:00:00Z",384.62,386.83,367.67,372.11,28603872.0
"MU.US","US","USD","2025-09-26T00:00:00Z",158.51,158.92,155.18,157.28,4606176.0
"MU.US","US","USD","2025-09-29T00:00:00Z",160.0,165.79,160.0,163.91,6172360.0
"MU.US","US","USD","2025-09-30T00:00:00Z",164.105,168.94,164.0,167.41,4669285.0
"MU.US","US","USD","2025-10-01T00:00:00Z",165.64,182.26,165.62,182.11,11095466.0
"MU.US","US","USD","2025-10-02T00:00:00Z",184.9,186.14,181.24,183.74,5505491.0
"MU.US","US","USD","2025-10-03T00:00:00Z",185.255,191.835,184.92,187.83,7212514.0
"MU.US","US","USD","2025-10-06T00:00:00Z",195.63,201.0,189.46,190.96,7848161.0
"MU.US","US","USD","2025-10-07T00:00:00Z",195.0,195.25,183.26,185.65,5749436.0
"MU.US","US","USD","2025-10-08T00:00:00Z",188.87,196.95,188.85,196.58,6796740.0
"MU.US","US","USD","2025-10-09T00:00:00Z",192.965,196.62,189.5,192.32,4306736.0
"MU.US","US","USD","2025-10-10T00:00:00Z",193.0,193.4,179.67,181.51,6923215.0
"MU.US","US","USD","2025-10-13T00:00:00Z",191.21,193.39,187.99,192.71,4828038.0
"MU.US","US","USD","2025-10-14T00:00:00Z",186.96,192.45,186.27,187.01,4021688.0
"MU.US","US","USD","2025-10-15T00:00:00Z",192.66,192.79,187.47,191.98,4141250.0
"MU.US","US","USD","2025-10-16T00:00:00Z",200.0,206.32,195.25,202.52,9876557.0
"MU.US","US","USD","2025-10-17T00:00:00Z",198.92,203.39,195.55,202.41,5420164.0
"MU.US","US","USD","2025-10-20T00:00:00Z",209.74,214.75,205.51,206.77,5317792.0
"MU.US","US","USD","2025-10-21T00:00:00Z",204.3,205.87,200.88,202.28,3523629.0
"MU.US","US","USD","2025-10-22T00:00:00Z",202.25,205.555,192.41,198.5,4903026.0
"MU.US","US","USD","2025-10-23T00:00:00Z",196.7,206.92,195.3,206.67,4368389.0
"MU.US","US","USD","2025-10-24T00:00:00Z",212.405,219.82,210.0,219.01,6091354.0
"MU.US","US","USD","2025-10-27T00:00:00Z",224.81,224.81,215.795,220.04,5452570.0
"MU.US","US","USD","2025-10-28T00:00:00Z",218.88,222.89,217.56,221.91,3761904.0
"MU.US","US","USD","2025-10-29T00:00:00Z",229.055,232.4,226.11,226.69,5215477.0
"MU.US","US","USD","2025-10-30T00:00:00Z",226.49,227.4,220.77,224.16,3974736.0
"MU.US","US","USD","2025-10-31T00:00:00Z",227.75,231.23,218.88,223.73,3500756.0
"MU.US","US","USD","2025-11-03T00:00:00Z",233.875,237.6,231.8,234.68,4728336.0
"MU.US","US","USD","2025-11-04T00:00:00Z",222.165,228.615,217.51,217.96,6086020.0
"MU.US","US","USD","2025-11-05T00:00:00Z",225.355,239.88,224.725,237.39,6751780.0
"MU.US","US","USD","2025-11-06T00:00:00Z",237.84,246.41,234.88,238.38,7405335.0
"MU.US","US","USD","2025-11-07T00:00:00Z",234.28,242.49,226.44,237.89,7221207.0
"MU.US","US","USD","2025-11-10T00:00:00Z",247.955,257.05,247.95,253.17,6255058.0
"MU.US","US","USD","2025-11-11T00:00:00Z",248.15,249.98,239.54,241.15,5481648.0
"MU.US","US","USD","2025-11-12T00:00:00Z",244.95,249.105,240.87,244.9,3751146.0
"MU.US","US","USD","2025-11-13T00:00:00Z",243.6,249.42,230.16,237.01,7886170.0
"MU.US","US","USD","2025-11-14T00:00:00Z",231.55,255.17,231.4,246.84,8429179.0
"MU.US","US","USD","2025-11-17T00:00:00Z",246.83,260.58,239.48,242.0,7358902.0
"MU.US","US","USD","2025-11-18T00:00:00Z",234.95,238.85,225.52,228.48,7699143.0
"MU.US","US","USD","2025-11-19T00:00:00Z",226.99,234.32,216.4,225.89,7375635.0
"MU.US","US","USD","2025-11-20T00:00:00Z",230.24,230.495,199.6,201.37,10979127.0
"MU.US","US","USD","2025-11-21T00:00:00Z",204.6,211.97,192.6,207.34,8629387.0
"MU.US","US","USD","2025-11-24T00:00:00Z",213.44,226.03,212.42,223.8,5592195.0
"MU.US","US","USD","2025-11-25T00:00:00Z",218.79,226.13,216.0,224.54,3900028.0
"MU.US","US","USD","2025-11-26T00:00:00Z",229.4,233.81,226.01,230.24,3799700.0
"MU.US","US","USD","2025-11-28T00:00:00Z",235.35,238.1,233.5,236.4,2933750.0
"MU.US","US","USD","2025-12-01T00:00:00Z",232.72,242.35,231.5,240.44,3705409.0
"MU.US","US","USD","2025-12-02T00:00:00Z",238.87,244.21,234.49,239.5,3799728.0
"MU.US","US","USD","2025-12-03T00:00:00Z",236.46,237.8,228.11,234.19,3897221.0
"MU.US","US","USD","2025-12-04T00:00:00Z",229.94,230.4,223.37,226.64,5099132.0
"MU.US","US","USD","2025-12-05T00:00:00Z",228.67,240.56,226.7,237.15,4260117.0
"MU.US","US","USD","2025-12-08T00:00:00Z",243.49,248.98,241.68,246.95,4081616.0
"MU.US","US","USD","2025-12-09T00:00:00Z",244.59,255.5,242.88,252.4,3340439.0
"MU.US","US","USD","2025-12-10T00:00:00Z",254.88,264.75,250.67,263.78,4777601.0
"MU.US","US","USD","2025-12-11T00:00:00Z",261.53,262.77,251.75,258.46,4115644.0
"MU.US","US","USD","2025-12-12T00:00:00Z",255.82,255.82,239.42,241.08,5969560.0
"MU.US","US","USD","2025-12-15T00:00:00Z",247.02,250.11,236.0,237.5,4013919.0
"MU.US","US","USD","2025-12-16T00:00:00Z",235.8,239.31,230.6,232.59,4016635.0
"MU.US","US","USD","2025-12-17T00:00:00Z",236.65,237.37,221.71,225.64,7010018.0
"MU.US","US","USD","2025-12-18T00:00:00Z",256.8,263.6,246.2,248.565,12418788.0
"MU.US","US","USD","2025-12-19T00:00:00Z",251.745,268.38,251.745,265.94,10307964.0
"MU.US","US","USD","2025-12-22T00:00:00Z",277.18,277.29,268.3,276.63,6444224.0
"MU.US","US","USD","2025-12-23T00:00:00Z",276.02,281.86,272.32,276.28,4655071.0
"MU.US","US","USD","2025-12-24T00:00:00Z",278.0,289.3,277.25,286.68,4089725.0
"MU.US","US","USD","2025-12-26T00:00:00Z",290.11,290.66,283.47,284.79,4445268.0
"MU.US","US","USD","2025-12-29T00:00:00Z",279.6,294.5,278.55,294.36,5753814.0
"MU.US","US","USD","2025-12-30T00:00:00Z",294.81,298.78,292.02,292.63,5266345.0
"MU.US","US","USD","2025-12-31T00:00:00Z",292.28,293.0,284.2,285.43,3896322.0
"MU.US","US","USD","2026-01-02T00:00:00Z",295.21,315.58,295.11,315.31,10244104.0
"MU.US","US","USD","2026-01-05T00:00:00Z",325.21,325.335,309.55,312.15,8024989.0
"MU.US","US","USD","2026-01-06T00:00:00Z",318.42,344.44,318.35,343.35,11320682.0
"MU.US","US","USD","2026-01-07T00:00:00Z",340.7,346.28,337.2,338.66,8049417.0
"MU.US","US","USD","2026-01-08T00:00:00Z",342.8,343.55,321.38,326.95,7097616.0
"MU.US","US","USD","2026-01-09T00:00:00Z",332.98,345.8,326.21,344.95,7159340.0
"MU.US","US","USD","2026-01-12T00:00:00Z",340.315,348.46,339.33,345.82,4891024.0
"MU.US","US","USD","2026-01-13T00:00:00Z",346.255,351.2,335.22,338.23,5651133.0
"MU.US","US","USD","2026-01-14T00:00:00Z",334.58,339.1,328.28,333.34,4631149.0
"MU.US","US","USD","2026-01-15T00:00:00Z",345.62,347.77,336.27,336.62,5281967.0
"MU.US","US","USD","2026-01-16T00:00:00Z",353.08,365.81,352.13,362.82,10323813.0
"MU.US","US","USD","2026-01-20T00:00:00Z",364.68,381.53,361.38,365.0,11038512.0
"MU.US","US","USD","2026-01-21T00:00:00Z",372.875,394.2,366.78,388.93,11512206.0
"MU.US","US","USD","2026-01-22T00:00:00Z",396.54,397.78,376.92,397.59,8707135.0
"MU.US","US","USD","2026-01-23T00:00:00Z",397.16,412.37,390.74,399.625,8063849.0
"MU.US","US","USD","2026-01-26T00:00:00Z",395.5,397.96,384.31,389.08,6183429.0
"MU.US","US","USD","2026-01-27T00:00:00Z",404.61,416.39,399.6,410.24,6896978.0
"MU.US","US","USD","2026-01-28T00:00:00Z",422.435,438.9,417.0,435.19,8826675.0
"MU.US","US","USD","2026-01-29T00:00:00Z",439.01,444.65,417.7,435.79,9004969.0
"MU.US","US","USD","2026-01-30T00:00:00Z",446.465,455.5,407.24,414.73,10811665.0
"MU.US","US","USD","2026-02-02T00:00:00Z",412.13,442.4,410.0,437.83,7642172.0
"MU.US","US","USD","2026-02-03T00:00:00Z",442.16,442.3,407.57,419.69,8860858.0
"MU.US","US","USD","2026-02-04T00:00:00Z",410.08,412.98,363.92,379.47,12698330.0
"MU.US","US","USD","2026-02-05T00:00:00Z",371.74,390.93,366.0,382.89,8345182.0
"MU.US","US","USD","2026-02-06T00:00:00Z",377.965,396.65,373.0,394.48,7462448.0
"MU.US","US","USD","2026-02-09T00:00:00Z",380.69,391.8,370.71,383.24,7099909.0
"MU.US","US","USD","2026-02-10T00:00:00Z",375.985,382.76,366.09,373.13,7987499.0
"MU.US","US","USD","2026-02-11T00:00:00Z",395.16,414.14,386.57,410.38,10731736.0
"MU.US","US","USD","2026-02-12T00:00:00Z",423.28,438.76,411.2,413.88,10413044.0
"MU.US","US","USD","2026-02-13T00:00:00Z",405.41,420.88,392.85,411.75,7141898.0
"MU.US","US","USD","2026-02-17T00:00:00Z",400.61,413.66,395.34,399.95,5457687.0
"MU.US","US","USD","2026-02-18T00:00:00Z",399.5,427.85,394.98,420.96,7416468.0
"MU.US","US","USD","2026-02-19T00:00:00Z",415.715,420.27,407.74,416.95,5054989.0
"MU.US","US","USD","2026-02-20T00:00:00Z",415.18,430.51,415.18,428.2,7096433.0
"MU.US","US","USD","2026-02-23T00:00:00Z",422.62,431.59,415.44,421.19,5474987.0
"MU.US","US","USD","2026-02-24T00:00:00Z",429.29,436.23,411.36,418.17,7972431.0
"MU.US","US","USD","2026-02-25T00:00:00Z",426.735,436.88,423.0,428.82,5896923.0
"MU.US","US","USD","2026-02-26T00:00:00Z",425.19,434.0,401.96,415.72,7637830.0
"MU.US","US","USD","2026-02-27T00:00:00Z",401.89,417.9,401.21,412.25,6050269.0
"MU.US","US","USD","2026-03-02T00:00:00Z",401.47,417.61,397.05,412.745,6697929.0
"MU.US","US","USD","2026-03-03T00:00:00Z",386.11,390.08,374.66,379.76,8120922.0
"MU.US","US","USD","2026-03-04T00:00:00Z",393.32,407.88,387.7,400.65,6228124.0
"MU.US","US","USD","2026-03-05T00:00:00Z",399.0,404.5,380.36,397.02,6449340.0
"MU.US","US","USD","2026-03-06T00:00:00Z",380.755,391.14,367.48,370.3,7425840.0
"MU.US","US","USD","2026-03-09T00:00:00Z",364.09,390.0,357.7,389.31,7933008.0
"MU.US","US","USD","2026-03-10T00:00:00Z",394.01,415.28,394.01,403.24,7790324.0
"MU.US","US","USD","2026-03-11T00:00:00Z",410.77,422.69,405.79,418.56,6826226.0
"MU.US","US","USD","2026-03-12T00:00:00Z",409.0,413.64,396.72,405.32,7136838.0
"MU.US","US","USD","2026-03-13T00:00:00Z",413.71,429.27,413.0,426.13,9539813.0
"MU.US","US","USD","2026-03-16T00:00:00Z",446.16,454.86,437.77,441.78,9441095.0
"MU.US","US","USD","2026-03-17T00:00:00Z",451.31,462.71,445.18,461.68,9574391.0
"MU.US","US","USD","2026-03-18T00:00:00Z",464.76,471.27,458.36,461.84,11423713.0
"MU.US","US","USD","2026-03-19T00:00:00Z",424.97,457.2,421.18,444.24,17176834.0
"MU.US","US","USD","2026-03-20T00:00:00Z",444.25,449.1,415.4,423.0,13264889.0
"MU.US","US","USD","2026-03-23T00:00:00Z",425.41,430.05,401.54,404.23,12260303.0
"MU.US","US","USD","2026-03-24T00:00:00Z",399.76,404.92,388.98,395.66,9658586.0
"MU.US","US","USD","2026-03-25T00:00:00Z",383.0,388.9,371.56,382.09,12607031.0
"MU.US","US","USD","2026-03-26T00:00:00Z",370.13,374.25,351.47,355.43,12176684.0
"MU.US","US","USD","2026-03-27T00:00:00Z",360.0,368.695,354.105,357.34,9773520.0
"MU.US","US","USD","2026-03-30T00:00:00Z",362.81,362.81,318.425,321.8,16859873.0
"MU.US","US","USD","2026-03-31T00:00:00Z",321.725,337.82,311.49,337.615,16482817.0
"MU.US","US","USD","2026-04-01T00:00:00Z",348.705,377.86,343.0,367.79,16404920.0
"MU.US","US","USD","2026-04-02T00:00:00Z",341.08,366.89,340.2,366.13,10734006.0
"MU.US","US","USD","2026-04-06T00:00:00Z",373.3,385.06,370.61,377.63,8063276.0
"MU.US","US","USD","2026-04-07T00:00:00Z",375.0,379.16,364.1,377.7,7679763.0
"MU.US","US","USD","2026-04-08T00:00:00Z",415.13,415.99,398.98,406.86,9935974.0
"MU.US","US","USD","2026-04-09T00:00:00Z",407.61,423.94,398.5,421.445,8903865.0
"MU.US","US","USD","2026-04-10T00:00:00Z",419.605,423.8,410.06,420.7,6915907.0
"MU.US","US","USD","2026-04-13T00:00:00Z",416.46,426.88,408.56,426.49,7117874.0
"MU.US","US","USD","2026-04-14T00:00:00Z",434.45,465.78,424.87,465.38,9760902.0
"MU.US","US","USD","2026-04-15T00:00:00Z",457.11,463.93,439.32,456.24,8051308.0
"MU.US","US","USD","2026-04-16T00:00:00Z",453.0,462.34,444.74,457.41,6533857.0
"MU.US","US","USD","2026-04-17T00:00:00Z",466.78,470.87,452.25,455.02,6530919.0
"MU.US","US","USD","2026-04-20T00:00:00Z",459.49,464.52,435.91,448.33,6373824.0
"MU.US","US","USD","2026-04-21T00:00:00Z",451.8,457.82,441.5,449.53,5996406.0
"MU.US","US","USD","2026-04-22T00:00:00Z",463.14,491.9,458.76,487.13,9636621.0
"MU.US","US","USD","2026-04-23T00:00:00Z",482.235,493.6,471.8,482.0,8225151.0
"MU.US","US","USD","2026-04-24T00:00:00Z",495.7,506.82,489.37,496.0,7127964.0
"MU.US","US","USD","2026-04-27T00:00:00Z",510.56,531.36,510.03,524.7,8224451.0
"MU.US","US","USD","2026-04-28T00:00:00Z",503.62,518.77,488.25,504.24,8247503.0
"MU.US","US","USD","2026-04-29T00:00:00Z",526.0,531.0,508.83,518.47,6486333.0
"MU.US","US","USD","2026-04-30T00:00:00Z",529.74,535.5,502.575,517.19,6994951.0
"MU.US","US","USD","2026-05-01T00:00:00Z",511.78,545.91,510.455,542.21,27605484.0
"MU.US","US","USD","2026-05-04T00:00:00Z",560.6,592.77,558.81,576.45,29379454.0
"MU.US","US","USD","2026-05-05T00:00:00Z",609.775,651.74,605.47,640.2,40595769.0
"MU.US","US","USD","2026-05-06T00:00:00Z",660.37,667.67,627.58,666.59,33800301.0
"MU.US","US","USD","2026-05-07T00:00:00Z",649.83,683.09,635.42,646.63,31031508.0
"MU.US","US","USD","2026-05-08T00:00:00Z",676.45,747.21,676.365,746.81,40200244.0
"MU.US","US","USD","2026-05-11T00:00:00Z",792.98,818.67,768.68,795.33,43744851.0
"MU.US","US","USD","2026-05-12T00:00:00Z",774.7,782.76,706.62,766.58,48812186.0
"MU.US","US","USD","2026-05-13T00:00:00Z",813.155,814.95,779.47,803.63,33717395.0
"MU.US","US","USD","2026-05-14T00:00:00Z",787.62,812.0,775.63,776.01,27719728.0
"MU.US","US","USD","2026-05-15T00:00:00Z",732.57,749.59,719.0,724.66,28171934.0
"MU.US","US","USD","2026-05-18T00:00:00Z",750.46,756.64,663.25,681.54,39596221.0
"MU.US","US","USD","2026-05-19T00:00:00Z",665.58,725.94,652.21,698.74,42073845.0
"MU.US","US","USD","2026-05-20T00:00:00Z",734.955,735.66,700.66,731.99,30730569.0
"MU.US","US","USD","2026-05-21T00:00:00Z",736.36,764.9,732.23,762.1,26605438.0
"MU.US","US","USD","2026-05-22T00:00:00Z",756.815,780.2,747.27,751.0,23307890.0
"MU.US","US","USD","2026-05-26T00:00:00Z",820.5,916.76,820.295,895.88,47824393.0
"MU.US","US","USD","2026-05-27T00:00:00Z",955.66,956.0,888.15,928.41,44627442.0
"MU.US","US","USD","2026-05-28T00:00:00Z",929.83,949.49,904.78,923.52,31841487.0
"MU.US","US","USD","2026-05-29T00:00:00Z",957.0,981.0,940.51,971.0,33950535.0
"MU.US","US","USD","2026-06-01T00:00:00Z",1009.72,1046.97,1009.57,1035.5,29630280.0
"MU.US","US","USD","2026-06-02T00:00:00Z",1050.0,1076.519,1017.27,1064.1,27895086.0
"MU.US","US","USD","2026-06-03T00:00:00Z",1079.01,1089.29,1038.5,1079.57,25129630.0
"MU.US","US","USD","2026-06-04T00:00:00Z",1007.1,1036.37,971.68,996.0,32814972.0
"MU.US","US","USD","2026-06-05T00:00:00Z",944.4,961.89,864.01,864.01,46080049.0
"MU.US","US","USD","2026-06-08T00:00:00Z",938.265,962.95,916.5,949.28,32204205.0
"MU.US","US","USD","2026-06-09T00:00:00Z",988.175,989.15,854.35,935.89,48419523.0
"MU.US","US","USD","2026-06-10T00:00:00Z",905.13,957.47,883.25,891.88,34768449.0
"MU.US","US","USD","2026-06-11T00:00:00Z",904.37,996.77,895.5,995.87,36338555.0
"MU.US","US","USD","2026-06-12T00:00:00Z",971.81,1012.62,960.2,981.61,26921954.0
"MU.US","US","USD","2026-06-15T00:00:00Z",1055.89,1097.47,1051.5,1087.99,26721940.0
"MU.US","US","USD","2026-06-16T00:00:00Z",1099.7,1110.4,1020.0,1020.76,27218548.0
"MU.US","US","USD","2026-06-17T00:00:00Z",1061.3,1093.67,1014.14,1043.19,29874615.0
"MU.US","US","USD","2026-06-18T00:00:00Z",1108.065,1149.43,1092.794,1133.99,29615521.0
"MU.US","US","USD","2026-06-22T00:00:00Z",1196.215,1213.56,1168.57,1211.38,28556667.0
"MU.US","US","USD","2026-06-23T00:00:00Z",1080.0,1125.0,1038.5,1051.77,33980828.0
"MU.US","US","USD","2026-06-24T00:00:00Z",1082.22,1083.32,991.1,1048.51,33378428.0
"MU.US","US","USD","2026-06-25T00:00:00Z",1233.0,1255.0,1136.31,1213.56,51364739.0
"MU.US","US","USD","2026-06-26T00:00:00Z",1139.075,1198.712,1121.56,1132.33,37216076.0
"MU.US","US","USD","2026-06-29T00:00:00Z",1128.7,1148.79,1023.65,1145.28,40713212.0
"MU.US","US","USD","2026-06-30T00:00:00Z",1144.73,1168.68,1124.66,1154.29,24388949.0
"MU.US","US","USD","2026-07-01T00:00:00Z",1082.01,1097.0,1032.2,1032.28,29417144.0
"MU.US","US","USD","2026-07-02T00:00:00Z",1041.5,1064.64,950.28,975.56,39339887.0
"MU.US","US","USD","2026-07-06T00:00:00Z",1007.0,1019.0,980.85,984.75,23180567.0
"MU.US","US","USD","2026-07-07T00:00:00Z",923.01,942.02,891.66,938.38,33353119.0
"MU.US","US","USD","2026-07-08T00:00:00Z",902.64,959.0,900.42,948.8,25262427.0
"MU.US","US","USD","2026-07-09T00:00:00Z",1016.51,1035.5,987.13,991.64,22772572.0
"MU.US","US","USD","2026-07-10T00:00:00Z",964.975,998.0,954.13,979.3,20149221.0
"MU.US","US","USD","2026-07-13T00:00:00Z",929.0,943.5,902.6,937.0,20718018.0
"MU.US","US","USD","2026-07-14T00:00:00Z",988.38,994.8,950.07,983.12,17675433.0
"MU.US","US","USD","2026-07-15T00:00:00Z",975.805,978.4,873.63,904.28,34136240.0
"MU.US","US","USD","2026-07-16T00:00:00Z",866.765,887.71,840.51,853.2,28649123.0
"MU.US","US","USD","2026-07-17T00:00:00Z",822.525,903.93,804.0,848.95,40611206.0
"MU.US","US","USD","2026-07-20T00:00:00Z",885.57,901.0,858.9,865.46,22998952.0
"MU.US","US","USD","2026-07-21T00:00:00Z",925.35,982.88,916.57,970.82,31044826.0
"MU.US","US","USD","2026-07-22T00:00:00Z",938.25,982.62,936.06,959.48,19422593.0
"MU.US","US","USD","2026-07-23T00:00:00Z",975.13,1011.77,964.4,990.21,25761705.0
"MU.US","US","USD","2026-07-24T00:00:00Z",959.03,967.126,904.0,920.95,25452368.0
"MU.US","US","USD","2026-07-27T00:00:00Z",932.445,935.0,854.79,900.2,29368716.0
"MU.US","US","USD","2026-07-28T00:00:00Z",839.61,848.36,789.09,820.53,34195060.0
"MU.US","US","USD","2026-07-29T00:00:00Z",833.0,841.8,737.88,739.0,39448285.0
"MU.US","US","USD","2026-07-30T00:00:00Z",793.135,882.49,789.01,874.66,36461633.0
"MU.US","US","USD","2026-07-31T00:00:00Z",919.65,930.88,818.0,823.03,33034905.0
"MU.US","US","USD","2026-08-03T00:00:00Z",786.355,836.62,770.15,829.5,25788079.0
"MU.US","US","USD","2026-08-04T00:00:00Z",866.82,902.43,858.5,892.67,21090613.0
"MU.US","US","USD","2026-08-05T00:00:00Z",885.3,928.95,882.11,893.19,20942712.0
"MU.US","US","USD","2026-08-06T00:00:00Z",843.11,913.33,827.0,881.47,22665108.0
"MU.US","US","USD","2026-08-07T00:00:00Z",903.6,904.65,847.02,877.57,21727356.0
"MU.US","US","USD","2026-08-10T00:00:00Z",863.665,894.989,854.46,861.0,16386477.0
"MU.US","US","USD","2026-08-11T00:00:00Z",871.8,876.87,844.62,868.52,18225113.0
"MU.US","US","USD","2026-08-12T00:00:00Z",912.94,935.8,899.54,911.29,21709075.0
"MU.US","US","USD","2026-08-13T00:00:00Z",912.89,978.0,906.5,949.83,24795156.0
"MU.US","US","USD","2026-08-14T00:00:00Z",979.32,984.0,956.2,971.66,17561386.0
"MU.US","US","USD","2026-08-17T00:00:00Z",999.55,1036.13,995.75,1011.75,20845184.0
"MU.US","US","USD","2026-08-18T00:00:00Z",957.1,978.67,926.64,940.76,21400250.0
"MU.US","US","USD","2026-08-19T00:00:00Z",959.355,959.99,915.18,937.105,15433812.0
"MU.US","US","USD","2026-08-20T00:00:00Z",935.01,977.28,929.07,974.33,16703372.0
"MU.US","US","USD","2026-08-21T00:00:00Z",989.675,989.96,958.26,966.78,13276386.0
"MU.US","US","USD","2026-08-24T00:00:00Z",934.78,936.45,887.605,910.43,17520717.0
"MU.US","US","USD","2026-08-25T00:00:00Z",928.975,946.621,916.3,932.97,12424602.0
"MU.US","US","USD","2026-08-26T00:00:00Z",925.74,945.75,924.61,938.4,11122164.0
"MU.US","US","USD","2026-08-27T00:00:00Z",967.01,968.685,906.89,935.39,18863903.0
"MU.US","US","USD","2026-08-28T00:00:00Z",919.29,946.8,909.09,932.86,15176033.0
"MU.US","US","USD","2026-08-31T00:00:00Z",931.39,959.97,930.79,958.73,14135369.0
"MU.US","US","USD","2026-09-01T00:00:00Z",941.125,969.44,922.39,933.44,18261483.0
"MU.US","US","USD","2026-09-02T00:00:00Z",930.825,958.0,927.157,956.08,13656133.0
"MU.US","US","USD","2026-09-03T00:00:00Z",956.91,959.67,918.88,958.16,15438818.0
"MU.US","US","USD","2026-09-04T00:00:00Z",971.335,1017.77,969.0,1016.59,21608074.0
"MU.US","US","USD","2026-09-08T00:00:00Z",1036.4,1041.07,997.64,1000.26,16126009.0
"MU.US","US","USD","2026-09-09T00:00:00Z",998.805,1042.4,992.297,1027.77,15709146.0
"MU.US","US","USD","2026-09-10T00:00:00Z",997.0,999.0,973.5,977.41,15588494.0
"MU.US","US","USD","2026-09-11T00:00:00Z",993.195,993.99,967.38,975.26,12398942.0
"MU.US","US","USD","2026-09-14T00:00:00Z",906.03,932.21,902.6,924.03,16814188.0
"MU.US","US","USD","2026-09-15T00:00:00Z",937.5,944.89,920.13,927.6,11765015.0
"MU.US","US","USD","2026-09-16T00:00:00Z",934.23,941.2,917.65,926.55,12920917.0
"MU.US","US","USD","2026-09-17T00:00:00Z",954.565,986.2,953.53,977.5,12963106.0
"MU.US","US","USD","2026-09-18T00:00:00Z",984.715,1016.44,977.925,1015.8,17034001.0
"MU.US","US","USD","2026-09-21T00:00:00Z",1044.99,1064.49,1030.68,1043.96,16329995.0
"MU.US","US","USD","2026-09-22T00:00:00Z",1032.85,1097.25,1030.015,1096.16,18813508.0
"MU.US","US","USD","2026-09-23T00:00:00Z",1100.07,1105.5,1064.25,1071.88,13893957.0
"MU.US","US","USD","2026-09-24T00:00:00Z",1049.75,1081.04,1044.0,1080.53,14027940.0
"MU.US","US","USD","2026-09-25T00:00:00Z",1095.83,1108.72,1073.0,1082.28,13000866.0
"SNDK.US","US","USD","2025-09-26T00:00:00Z",96.0,99.6,94.42,97.15,1631292.0
"SNDK.US","US","USD","2025-09-29T00:00:00Z",104.25,113.99,103.48,113.52,2803053.0
"SNDK.US","US","USD","2025-09-30T00:00:00Z",114.0,120.68,112.11,112.12,2805013.0
"SNDK.US","US","USD","2025-10-01T00:00:00Z",113.06,123.85,112.12,121.2,2446309.0
"SNDK.US","US","USD","2025-10-02T00:00:00Z",128.69,132.16,123.34,124.11,2247989.0
"SNDK.US","US","USD","2025-10-03T00:00:00Z",128.29,136.7,126.7,128.46,2595664.0
"SNDK.US","US","USD","2025-10-06T00:00:00Z",132.05,134.79,119.43,121.1,2405713.0
"SNDK.US","US","USD","2025-10-07T00:00:00Z",125.0,125.2,115.7,120.87,1771750.0
"SNDK.US","US","USD","2025-10-08T00:00:00Z",121.5,132.28,120.67,131.88,1774142.0
"SNDK.US","US","USD","2025-10-09T00:00:00Z",127.0,131.5,126.98,129.77,938239.0
"SNDK.US","US","USD","2025-10-10T00:00:00Z",131.8,132.0,116.19,116.87,2035372.0
"SNDK.US","US","USD","2025-10-13T00:00:00Z",129.74,135.87,124.07,134.43,2071428.0
"SNDK.US","US","USD","2025-10-14T00:00:00Z",123.59,130.42,120.96,127.28,1748635.0
"SNDK.US","US","USD","2025-10-15T00:00:00Z",134.75,144.5,130.75,144.35,2208879.0
"SNDK.US","US","USD","2025-10-16T00:00:00Z",146.0,149.08,141.7,144.27,1494566.0
"SNDK.US","US","USD","2025-10-17T00:00:00Z",139.22,150.68,136.3,140.24,2081631.0
"SNDK.US","US","USD","2025-10-20T00:00:00Z",145.98,152.63,145.98,148.1,1781344.0
"SNDK.US","US","USD","2025-10-21T00:00:00Z",145.8,150.11,142.82,149.33,883412.0
"SNDK.US","US","USD","2025-10-22T00:00:00Z",149.1,157.38,145.0,146.85,1764264.0
"SNDK.US","US","USD","2025-10-23T00:00:00Z",146.33,167.94,146.33,167.16,1989435.0
"SNDK.US","US","USD","2025-10-24T00:00:00Z",174.76,187.342,173.5,186.07,2242345.0
"SNDK.US","US","USD","2025-10-27T00:00:00Z",191.81,191.81,173.8,176.43,2365674.0
"SNDK.US","US","USD","2025-10-28T00:00:00Z",175.49,178.82,164.62,175.49,2134065.0
"SNDK.US","US","USD","2025-10-29T00:00:00Z",186.5,205.62,181.67,204.37,1905249.0
"SNDK.US","US","USD","2025-10-30T00:00:00Z",192.07,204.8,191.1,195.77,1666025.0
"SNDK.US","US","USD","2025-10-31T00:00:00Z",202.61,209.585,189.59,199.49,1567495.0
"SNDK.US","US","USD","2025-11-03T00:00:00Z",210.0,213.39,189.26,207.04,2170409.0
"SNDK.US","US","USD","2025-11-04T00:00:00Z",188.075,202.98,185.0,194.61,1919633.0
"SNDK.US","US","USD","2025-11-05T00:00:00Z",201.87,218.84,201.87,216.4,2320556.0
"SNDK.US","US","USD","2025-11-06T00:00:00Z",212.0,226.47,205.28,207.3,2088099.0
"SNDK.US","US","USD","2025-11-07T00:00:00Z",208.0,239.99,203.4,239.35,4692760.0
"SNDK.US","US","USD","2025-11-10T00:00:00Z",247.29,270.89,247.17,268.02,3253819.0
"SNDK.US","US","USD","2025-11-11T00:00:00Z",262.29,274.0,257.0,271.39,2772570.0
"SNDK.US","US","USD","2025-11-12T00:00:00Z",271.55,284.5,267.12,283.13,3051238.0
"SNDK.US","US","USD","2025-11-13T00:00:00Z",267.12,271.8,234.68,243.5,5517895.0
"SNDK.US","US","USD","2025-11-14T00:00:00Z",236.0,270.28,235.24,254.265,4420773.0
"SNDK.US","US","USD","2025-11-17T00:00:00Z",253.59,282.7,253.33,265.59,3322468.0
"SNDK.US","US","USD","2025-11-18T00:00:00Z",257.15,260.5,229.66,244.93,3963160.0
"SNDK.US","US","USD","2025-11-19T00:00:00Z",250.9,256.98,233.875,245.72,2689340.0
"SNDK.US","US","USD","2025-11-20T00:00:00Z",252.17,254.59,192.66,195.86,5629950.0
"SNDK.US","US","USD","2025-11-21T00:00:00Z",205.13,205.37,183.19,200.4,4486571.0
"SNDK.US","US","USD","2025-11-24T00:00:00Z",206.2,228.17,205.51,226.97,2617314.0
"SNDK.US","US","USD","2025-11-25T00:00:00Z",228.4,228.5,209.5,220.51,2554008.0
"SNDK.US","US","USD","2025-11-26T00:00:00Z",226.0,227.99,205.565,215.25,3325681.0
"SNDK.US","US","USD","2025-11-28T00:00:00Z",225.25,237.51,211.73,223.15,3229004.0
"SNDK.US","US","USD","2025-12-01T00:00:00Z",211.84,215.18,205.255,210.19,2212740.0
"SNDK.US","US","USD","2025-12-02T00:00:00Z",211.24,217.0,192.81,205.35,2382803.0
"SNDK.US","US","USD","2025-12-03T00:00:00Z",196.85,199.0,187.8,194.31,2050181.0
"SNDK.US","US","USD","2025-12-04T00:00:00Z",192.46,214.99,189.69,213.41,2856874.0
"SNDK.US","US","USD","2025-12-05T00:00:00Z",212.11,229.45,211.28,228.5,1858293.0
"SNDK.US","US","USD","2025-12-08T00:00:00Z",235.66,238.55,215.77,225.45,1520488.0
"SNDK.US","US","USD","2025-12-09T00:00:00Z",222.25,224.325,213.58,219.43,1205346.0
"SNDK.US","US","USD","2025-12-10T00:00:00Z",218.0,234.17,215.2,232.73,1277992.0
"SNDK.US","US","USD","2025-12-11T00:00:00Z",230.0,244.19,217.93,241.61,1663075.0
"SNDK.US","US","USD","2025-12-12T00:00:00Z",232.11,235.88,204.835,206.09,2653061.0
"SNDK.US","US","USD","2025-12-15T00:00:00Z",214.87,216.98,200.52,201.89,1372502.0
"SNDK.US","US","USD","2025-12-16T00:00:00Z",200.93,210.5,199.57,209.3,1271095.0
"SNDK.US","US","USD","2025-12-17T00:00:00Z",215.99,221.99,205.55,206.86,1524866.0
"SNDK.US","US","USD","2025-12-18T00:00:00Z",222.44,231.0,214.1,219.45,2054864.0
"SNDK.US","US","USD","2025-12-19T00:00:00Z",222.29,243.71,221.0,237.6,2150401.0
"SNDK.US","US","USD","2025-12-22T00:00:00Z",249.86,252.0,226.6,241.05,1932519.0
"SNDK.US","US","USD","2025-12-23T00:00:00Z",238.8,245.38,234.24,245.01,1022680.0
"SNDK.US","US","USD","2025-12-24T00:00:00Z",244.9,261.24,244.5,250.13,1292489.0
"SNDK.US","US","USD","2025-12-26T00:00:00Z",259.01,261.49,245.21,250.05,1215965.0
"SNDK.US","US","USD","2025-12-29T00:00:00Z",241.39,250.0,236.47,244.17,1232388.0
"SNDK.US","US","USD","2025-12-30T00:00:00Z",245.87,247.19,236.6,240.21,873499.0
"SNDK.US","US","USD","2025-12-31T00:00:00Z",241.13,241.78,235.65,237.325,777325.0
"SNDK.US","US","USD","2026-01-02T00:00:00Z",244.35,275.67,244.31,275.3,2321271.0
"SNDK.US","US","USD","2026-01-05T00:00:00Z",283.88,285.0,266.52,274.11,2195722.0
"SNDK.US","US","USD","2026-01-06T00:00:00Z",288.51,352.0,288.5,349.66,5088150.0
"SNDK.US","US","USD","2026-01-07T00:00:00Z",341.1,354.5,331.29,353.76,3178289.0
"SNDK.US","US","USD","2026-01-08T00:00:00Z",360.91,360.91,310.82,334.64,4559838.0
"SNDK.US","US","USD","2026-01-09T00:00:00Z",341.48,383.98,334.56,377.58,4138481.0
"SNDK.US","US","USD","2026-01-12T00:00:00Z",374.28,395.1,374.11,389.08,2776730.0
"SNDK.US","US","USD","2026-01-13T00:00:00Z",393.14,398.0,379.65,389.92,2209084.0
"SNDK.US","US","USD","2026-01-14T00:00:00Z",390.0,401.11,377.2,388.0,2124507.0
"SNDK.US","US","USD","2026-01-15T00:00:00Z",398.83,423.035,398.83,409.24,2685711.0
"SNDK.US","US","USD","2026-01-16T00:00:00Z",425.59,432.02,399.82,413.62,2958521.0
"SNDK.US","US","USD","2026-01-20T00:00:00Z",413.51,457.3,413.0,453.34,3578212.0
"SNDK.US","US","USD","2026-01-21T00:00:00Z",463.05,501.95,448.54,501.58,4011282.0
"SNDK.US","US","USD","2026-01-22T00:00:00Z",501.045,509.4,467.56,503.49,4274374.0
"SNDK.US","US","USD","2026-01-23T00:00:00Z",503.44,506.0,463.17,474.0,3940386.0
"SNDK.US","US","USD","2026-01-26T00:00:00Z",476.215,494.69,454.33,470.57,2443821.0
"SNDK.US","US","USD","2026-01-27T00:00:00Z",482.0,502.59,471.3,481.0,2485429.0
"SNDK.US","US","USD","2026-01-28T00:00:00Z",500.44,531.36,499.98,527.99,3312436.0
"SNDK.US","US","USD","2026-01-29T00:00:00Z",535.85,546.61,507.5,542.07,3397476.0
"SNDK.US","US","USD","2026-01-30T00:00:00Z",651.345,676.47,533.35,575.0,8062186.0
"SNDK.US","US","USD","2026-02-02T00:00:00Z",587.96,673.76,584.31,665.93,5314356.0
"SNDK.US","US","USD","2026-02-03T00:00:00Z",694.925,725.0,646.68,696.37,5825088.0
"SNDK.US","US","USD","2026-02-04T00:00:00Z",654.035,662.58,582.0,584.9,5958343.0
"SNDK.US","US","USD","2026-02-05T00:00:00Z",563.75,619.41,562.11,576.25,5830147.0
"SNDK.US","US","USD","2026-02-06T00:00:00Z",613.97,615.35,576.0,597.85,3852444.0
"SNDK.US","US","USD","2026-02-09T00:00:00Z",591.71,603.89,551.6,583.56,3011932.0
"SNDK.US","US","USD","2026-02-10T00:00:00Z",574.03,582.0,540.15,541.69,3306957.0
"SNDK.US","US","USD","2026-02-11T00:00:00Z",578.5,612.8,575.0,599.45,4038645.0
"SNDK.US","US","USD","2026-02-12T00:00:00Z",640.55,668.0,615.81,630.345,4287858.0
"SNDK.US","US","USD","2026-02-13T00:00:00Z",610.525,661.36,586.4,626.8,4738525.0
"SNDK.US","US","USD","2026-02-17T00:00:00Z",610.26,628.38,588.945,590.36,3685839.0
"SNDK.US","US","USD","2026-02-18T00:00:00Z",582.47,616.98,574.99,600.56,4282022.0
"SNDK.US","US","USD","2026-02-19T00:00:00Z",597.18,634.4,590.1,621.09,3252851.0
"SNDK.US","US","USD","2026-02-20T00:00:00Z",616.25,650.29,616.25,649.87,3237516.0
"SNDK.US","US","USD","2026-02-23T00:00:00Z",659.505,691.54,644.88,665.49,3297743.0
"SNDK.US","US","USD","2026-02-24T00:00:00Z",682.48,684.0,613.32,638.63,5659717.0
"SNDK.US","US","USD","2026-02-25T00:00:00Z",644.3,661.09,624.53,632.44,2985570.0
"SNDK.US","US","USD","2026-02-26T00:00:00Z",645.74,659.86,607.1,651.91,4015317.0
"SNDK.US","US","USD","2026-02-27T00:00:00Z",627.08,661.2,621.36,635.31,2929433.0
"SNDK.US","US","USD","2026-03-02T00:00:00Z",618.645,648.66,597.85,618.99,3291918.0
"SNDK.US","US","USD","2026-03-03T00:00:00Z",584.15,593.099,557.1,565.4,4058083.0
"SNDK.US","US","USD","2026-03-04T00:00:00Z",586.0,607.41,576.317,597.17,3045682.0
"SNDK.US","US","USD","2026-03-05T00:00:00Z",594.2,603.5,559.72,565.55,2705167.0
"SNDK.US","US","USD","2026-03-06T00:00:00Z",548.25,570.655,526.63,527.15,2872358.0
"SNDK.US","US","USD","2026-03-09T00:00:00Z",518.6,589.51,518.0,588.74,3812210.0
"SNDK.US","US","USD","2026-03-10T00:00:00Z",599.23,636.4,596.0,618.61,3171898.0
"SNDK.US","US","USD","2026-03-11T00:00:00Z",625.0,655.68,618.9,655.33,2958735.0
"SNDK.US","US","USD","2026-03-12T00:00:00Z",648.26,651.495,612.451,618.77,2939338.0
"SNDK.US","US","USD","2026-03-13T00:00:00Z",630.75,671.39,623.73,661.26,3541278.0
"SNDK.US","US","USD","2026-03-16T00:00:00Z",687.43,718.8,687.43,703.94,3921638.0
"SNDK.US","US","USD","2026-03-17T00:00:00Z",715.8,721.37,695.18,720.35,2730989.0
"SNDK.US","US","USD","2026-03-18T00:00:00Z",730.5,761.5,715.5,753.0,3475815.0
"SNDK.US","US","USD","2026-03-19T00:00:00Z",707.15,775.83,692.0,771.835,3768965.0
"SNDK.US","US","USD","2026-03-20T00:00:00Z",772.7,777.6,698.5,710.62,4113306.0
"SNDK.US","US","USD","2026-03-23T00:00:00Z",715.94,748.5,678.84,702.12,4252401.0
"SNDK.US","US","USD","2026-03-24T00:00:00Z",693.94,711.09,680.2,702.75,2375702.0
"SNDK.US","US","USD","2026-03-25T00:00:00Z",651.315,687.0,638.0,677.86,3763504.0
"SNDK.US","US","USD","2026-03-26T00:00:00Z",654.61,659.3,602.03,602.99,3573361.0
"SNDK.US","US","USD","2026-03-27T00:00:00Z",599.75,638.48,599.75,616.1,3249488.0
"SNDK.US","US","USD","2026-03-30T00:00:00Z",641.9,650.98,558.65,572.67,3834600.0
"SNDK.US","US","USD","2026-03-31T00:00:00Z",589.65,636.31,578.5,635.34,3604981.0
"SNDK.US","US","USD","2026-04-01T00:00:00Z",650.18,710.6,645.34,691.98,3848862.0
"SNDK.US","US","USD","2026-04-02T00:00:00Z",643.57,707.21,641.93,701.96,3149513.0
"SNDK.US","US","USD","2026-04-06T00:00:00Z",720.23,736.0,711.41,724.62,2161096.0
"SNDK.US","US","USD","2026-04-07T00:00:00Z",715.0,738.0,687.94,710.36,2155586.0
"SNDK.US","US","USD","2026-04-08T00:00:00Z",785.0,807.84,758.32,780.49,3090911.0
"SNDK.US","US","USD","2026-04-09T00:00:00Z",818.0,855.0,805.0,851.55,3110263.0
"SNDK.US","US","USD","2026-04-10T00:00:00Z",873.95,873.95,835.37,851.96,2327689.0
"SNDK.US","US","USD","2026-04-13T00:00:00Z",867.27,953.371,866.99,952.08,3168977.0
"SNDK.US","US","USD","2026-04-14T00:00:00Z",964.02,965.0,902.55,944.51,3195255.0
"SNDK.US","US","USD","2026-04-15T00:00:00Z",929.0,937.66,874.0,891.66,2808823.0
"SNDK.US","US","USD","2026-04-16T00:00:00Z",896.2,929.21,893.33,919.48,2198827.0
"SNDK.US","US","USD","2026-04-17T00:00:00Z",921.31,930.41,886.5,920.99,2797757.0
"SNDK.US","US","USD","2026-04-20T00:00:00Z",932.07,951.0,900.5,913.02,1807694.0
"SNDK.US","US","USD","2026-04-21T00:00:00Z",929.21,938.75,899.54,903.36,1605262.0
"SNDK.US","US","USD","2026-04-22T00:00:00Z",922.01,981.0,896.0,978.86,2696587.0
"SNDK.US","US","USD","2026-04-23T00:00:00Z",946.09,978.49,926.3,932.24,2084182.0
"SNDK.US","US","USD","2026-04-24T00:00:00Z",954.56,1002.09,947.02,989.92,2182631.0
"SNDK.US","US","USD","2026-04-27T00:00:00Z",1023.0,1070.64,1009.0,1070.27,2480095.0
"SNDK.US","US","USD","2026-04-28T00:00:00Z",1027.6,1054.22,980.51,1002.83,2478283.0
"SNDK.US","US","USD","2026-04-29T00:00:00Z",1071.69,1102.0,1060.0,1064.21,2115162.0
"SNDK.US","US","USD","2026-04-30T00:00:00Z",1111.14,1115.0,1076.78,1096.53,2242592.0
"SNDK.US","US","USD","2026-05-01T00:00:00Z",1059.02,1189.24,1048.0,1187.0,14586016.0
"SNDK.US","US","USD","2026-05-04T00:00:00Z",1222.18,1275.08,1205.0,1255.86,10784314.0
"SNDK.US","US","USD","2026-05-05T00:00:00Z",1289.01,1418.88,1286.13,1406.32,12514465.0
"SNDK.US","US","USD","2026-05-06T00:00:00Z",1437.4,1439.7,1334.67,1409.98,12616926.0
"SNDK.US","US","USD","2026-05-07T00:00:00Z",1379.42,1400.99,1292.574,1339.96,9525057.0
"SNDK.US","US","USD","2026-05-08T00:00:00Z",1394.37,1564.0,1391.12,1562.34,12758334.0
"SNDK.US","US","USD","2026-05-11T00:00:00Z",1586.25,1600.0,1514.47,1547.56,9284058.0
"SNDK.US","US","USD","2026-05-12T00:00:00Z",1492.0,1508.32,1367.0,1452.02,10803011.0
"SNDK.US","US","USD","2026-05-13T00:00:00Z",1512.485,1512.52,1405.0,1447.23,6532913.0
"SNDK.US","US","USD","2026-05-14T00:00:00Z",1394.4,1453.77,1362.0,1382.72,7035176.0
"SNDK.US","US","USD","2026-05-15T00:00:00Z",1321.0,1426.378,1315.75,1407.61,8365529.0
"SNDK.US","US","USD","2026-05-18T00:00:00Z",1431.67,1440.0,1277.33,1333.01,9062340.0
"SNDK.US","US","USD","2026-05-19T00:00:00Z",1289.75,1392.86,1278.18,1383.29,8440049.0
"SNDK.US","US","USD","2026-05-20T00:00:00Z",1437.98,1443.445,1366.98,1392.56,5682384.0
"SNDK.US","US","USD","2026-05-21T00:00:00Z",1377.47,1546.09,1377.47,1542.24,8826708.0
"SNDK.US","US","USD","2026-05-22T00:00:00Z",1520.715,1528.0,1473.52,1478.69,5590533.0
"SNDK.US","US","USD","2026-05-26T00:00:00Z",1535.21,1641.74,1520.0,1589.55,8032668.0
"SNDK.US","US","USD","2026-05-27T00:00:00Z",1645.99,1658.77,1528.36,1589.94,6549894.0
"SNDK.US","US","USD","2026-05-28T00:00:00Z",1596.31,1697.96,1560.18,1641.64,6671077.0
"SNDK.US","US","USD","2026-05-29T00:00:00Z",1682.0,1708.8,1641.08,1694.98,4731110.0
"SNDK.US","US","USD","2026-06-01T00:00:00Z",1731.15,1804.0,1686.16,1761.43,5975594.0
"SNDK.US","US","USD","2026-06-02T00:00:00Z",1750.06,1772.4,1708.8,1716.36,4240278.0
"SNDK.US","US","USD","2026-06-03T00:00:00Z",1736.0,1861.0,1708.88,1831.5,7652381.0
"SNDK.US","US","USD","2026-06-04T00:00:00Z",1741.31,1825.9,1725.08,1759.68,6618129.0
"SNDK.US","US","USD","2026-06-05T00:00:00Z",1678.88,1682.0,1514.36,1559.32,7889995.0
"SNDK.US","US","USD","2026-06-08T00:00:00Z",1634.0,1694.988,1602.0,1642.0,4646658.0
"SNDK.US","US","USD","2026-06-09T00:00:00Z",1700.5,1803.0,1536.0,1646.54,9917217.0
"SNDK.US","US","USD","2026-06-10T00:00:00Z",1624.38,1764.65,1590.0,1643.23,6593461.0
"SNDK.US","US","USD","2026-06-11T00:00:00Z",1672.26,1895.0,1665.0,1881.51,7937082.0
"SNDK.US","US","USD","2026-06-12T00:00:00Z",1890.98,2021.65,1865.25,1980.1,6803434.0
"SNDK.US","US","USD","2026-06-15T00:00:00Z",2101.12,2119.9,2021.11,2107.86,4683983.0
"SNDK.US","US","USD","2026-06-16T00:00:00Z",2134.2,2167.33,1980.18,1991.55,5509694.0
"SNDK.US","US","USD","2026-06-17T00:00:00Z",2074.59,2074.59,1938.0,1958.8,5388024.0
"SNDK.US","US","USD","2026-06-18T00:00:00Z",2044.745,2191.69,2029.0,2184.75,6245215.0
"SNDK.US","US","USD","2026-06-22T00:00:00Z",2293.315,2354.39,2251.285,2273.73,5747889.0
"SNDK.US","US","USD","2026-06-23T00:00:00Z",2007.7,2060.0,1950.0,1963.6,6337720.0
"SNDK.US","US","USD","2026-06-24T00:00:00Z",1987.53,2021.498,1861.01,1914.46,5112259.0
"SNDK.US","US","USD","2026-06-25T00:00:00Z",2238.305,2347.999,2092.08,2335.0,8104784.0
"SNDK.US","US","USD","2026-06-26T00:00:00Z",2169.995,2256.11,2063.039,2090.71,6443750.0
"SNDK.US","US","USD","2026-06-29T00:00:00Z",2090.71,2090.71,1895.0,2050.39,6891306.0
"SNDK.US","US","USD","2026-06-30T00:00:00Z",2109.73,2280.8,2070.0,2273.73,6557902.0
"SNDK.US","US","USD","2026-07-01T00:00:00Z",2085.17,2129.98,2002.05,2032.22,5719598.0
"SNDK.US","US","USD","2026-07-02T00:00:00Z",2043.8,2052.54,1693.0,1745.0,10072991.0
"SNDK.US","US","USD","2026-07-06T00:00:00Z",1828.68,1837.77,1713.2,1744.43,5428964.0
"SNDK.US","US","USD","2026-07-07T00:00:00Z",1619.28,1638.88,1485.02,1617.7,8908677.0
"SNDK.US","US","USD","2026-07-08T00:00:00Z",1591.8,1734.69,1591.0,1727.18,7362756.0
"SNDK.US","US","USD","2026-07-09T00:00:00Z",1835.613,1952.59,1801.0,1858.27,7690426.0
"SNDK.US","US","USD","2026-07-10T00:00:00Z",1778.984,1946.835,1773.505,1915.92,6349821.0
"SNDK.US","US","USD","2026-07-13T00:00:00Z",1792.86,1800.0,1646.28,1673.97,7903944.0
"SNDK.US","US","USD","2026-07-14T00:00:00Z",1807.0,1812.47,1711.47,1757.82,5013339.0
"SNDK.US","US","USD","2026-07-15T00:00:00Z",1717.29,1729.5,1478.5,1615.0,12357438.0
"SNDK.US","US","USD","2026-07-16T00:00:00Z",1527.49,1551.629,1390.04,1411.08,10482624.0
"SNDK.US","US","USD","2026-07-17T00:00:00Z",1365.205,1501.2,1325.03,1354.82,11610081.0
"SNDK.US","US","USD","2026-07-20T00:00:00Z",1408.78,1454.99,1375.61,1390.95,7052393.0
"SNDK.US","US","USD","2026-07-21T00:00:00Z",1511.67,1595.639,1489.645,1589.4,7876021.0
"SNDK.US","US","USD","2026-07-22T00:00:00Z",1526.0,1628.4,1516.12,1599.27,6067193.0
"SNDK.US","US","USD","2026-07-23T00:00:00Z",1567.6,1696.37,1558.61,1610.33,7504750.0
"SNDK.US","US","USD","2026-07-24T00:00:00Z",1551.165,1572.86,1411.5,1436.56,8327313.0
"SNDK.US","US","USD","2026-07-27T00:00:00Z",1462.99,1462.99,1222.01,1278.23,13108982.0
"SNDK.US","US","USD","2026-07-28T00:00:00Z",1173.6,1188.0,1050.94,1096.1,14849554.0
"SNDK.US","US","USD","2026-07-29T00:00:00Z",1119.328,1124.8,998.19,1015.89,14280895.0
"SNDK.US","US","USD","2026-07-30T00:00:00Z",1135.01,1285.41,1124.579,1279.96,13652484.0
"SNDK.US","US","USD","2026-07-31T00:00:00Z",1383.685,1404.99,1187.26,1214.83,12745530.0
"SNDK.US","US","USD","2026-08-03T00:00:00Z",1159.84,1316.44,1121.33,1288.03,8940076.0
"SNDK.US","US","USD","2026-08-04T00:00:00Z",1358.21,1446.623,1340.0,1427.62,8430740.0
"SNDK.US","US","USD","2026-08-05T00:00:00Z",1398.77,1441.758,1345.0,1350.5,7818281.0
"SNDK.US","US","USD","2026-08-06T00:00:00Z",1173.26,1324.0,1163.09,1258.58,11386726.0
"SNDK.US","US","USD","2026-08-07T00:00:00Z",1309.3,1309.3,1184.37,1212.21,8480042.0
"SNDK.US","US","USD","2026-08-10T00:00:00Z",1203.41,1278.755,1194.01,1237.92,6531502.0
"SNDK.US","US","USD","2026-08-11T00:00:00Z",1260.56,1287.0,1242.06,1271.05,5845341.0
"SNDK.US","US","USD","2026-08-12T00:00:00Z",1358.22,1389.28,1308.531,1344.29,7148571.0
"SNDK.US","US","USD","2026-08-13T00:00:00Z",1339.83,1580.88,1331.62,1528.11,14815516.0
"SNDK.US","US","USD","2026-08-14T00:00:00Z",1646.93,1667.06,1565.0,1641.11,12674800.0
"SNDK.US","US","USD","2026-08-17T00:00:00Z",1700.745,1827.99,1698.0,1786.85,11123266.0
"SNDK.US","US","USD","2026-08-18T00:00:00Z",1677.54,1724.99,1600.2,1625.78,10759073.0
"SNDK.US","US","USD","2026-08-19T00:00:00Z",1682.405,1699.0,1542.0,1568.87,9129853.0
"SNDK.US","US","USD","2026-08-20T00:00:00Z",1569.0,1631.4,1554.0,1600.62,7193067.0
"SNDK.US","US","USD","2026-08-21T00:00:00Z",1604.805,1614.0,1570.01,1596.08,4084602.0
"SNDK.US","US","USD","2026-08-24T00:00:00Z",1494.09,1517.0,1416.56,1493.12,8189121.0
"SNDK.US","US","USD","2026-08-25T00:00:00Z",1533.69,1564.986,1467.01,1480.77,5100595.0
"SNDK.US","US","USD","2026-08-26T00:00:00Z",1455.57,1511.77,1450.05,1499.37,4802721.0
"SNDK.US","US","USD","2026-08-27T00:00:00Z",1549.42,1557.89,1456.0,1484.95,5278162.0
"SNDK.US","US","USD","2026-08-28T00:00:00Z",1448.0,1517.75,1435.61,1484.98,5245366.0
"SNDK.US","US","USD","2026-08-31T00:00:00Z",1486.4,1572.69,1449.5,1566.7,8458073.0
"SNDK.US","US","USD","2026-09-01T00:00:00Z",1526.01,1609.605,1513.0,1536.87,7510158.0
"SNDK.US","US","USD","2026-09-02T00:00:00Z",1531.62,1587.859,1509.24,1553.4,5485232.0
"SNDK.US","US","USD","2026-09-03T00:00:00Z",1544.55,1576.8,1511.0,1554.99,5380015.0
"SNDK.US","US","USD","2026-09-04T00:00:00Z",1586.0,1740.0,1581.0,1740.0,10023617.0
"SNDK.US","US","USD","2026-09-08T00:00:00Z",1769.43,1807.35,1733.78,1737.99,7007012.0
"SNDK.US","US","USD","2026-09-09T00:00:00Z",1751.3,1807.0,1728.02,1764.17,6354282.0
"SNDK.US","US","USD","2026-09-10T00:00:00Z",1725.435,1733.95,1674.0,1692.59,5474036.0
"SNDK.US","US","USD","2026-09-11T00:00:00Z",1713.5,1720.335,1616.802,1633.35,5861166.0
"SNDK.US","US","USD","2026-09-14T00:00:00Z",1521.525,1581.84,1505.0,1551.99,5800030.0
"SNDK.US","US","USD","2026-09-15T00:00:00Z",1569.71,1579.99,1509.14,1530.895,4545290.0
"SNDK.US","US","USD","2026-09-16T00:00:00Z",1549.74,1560.58,1504.2,1519.97,4866872.0
"SNDK.US","US","USD","2026-09-17T00:00:00Z",1564.53,1625.355,1564.5,1614.39,5386398.0
"SNDK.US","US","USD","2026-09-18T00:00:00Z",1625.2,1797.0,1616.01,1791.82,8656851.0
"SNDK.US","US","USD","2026-09-21T00:00:00Z",1826.0,1829.0,1737.01,1766.64,6502546.0
"SNDK.US","US","USD","2026-09-22T00:00:00Z",1757.505,1909.48,1757.505,1887.04,8030760.0
"SNDK.US","US","USD","2026-09-23T00:00:00Z",1895.41,1902.22,1803.67,1816.57,4873398.0
"SNDK.US","US","USD","2026-09-24T00:00:00Z",1785.47,1802.99,1726.39,1753.62,5235512.0
"SNDK.US","US","USD","2026-09-25T00:00:00Z",1791.94,1815.0,1742.95,1777.8,4855909.0
"700.HK","HK","HKD","2025-09-26T00:00:00Z",645.0,653.0,640.0,644.0,19502954.0
"700.HK","HK","HKD","2025-09-29T00:00:00Z",649.5,664.5,647.5,660.0,20489556.0
"700.HK","HK","HKD","2025-09-30T00:00:00Z",658.0,666.5,657.5,663.0,20610633.0
"700.HK","HK","HKD","2025-10-02T00:00:00Z",667.5,683.0,665.5,676.5,17113445.0
"700.HK","HK","HKD","2025-10-03T00:00:00Z",677.0,680.0,670.0,673.5,7125093.0
"700.HK","HK","HKD","2025-10-06T00:00:00Z",675.0,682.5,670.0,677.5,7828323.0
"700.HK","HK","HKD","2025-10-08T00:00:00Z",680.0,680.0,669.5,675.0,10540730.0
"700.HK","HK","HKD","2025-10-09T00:00:00Z",675.0,681.0,665.5,675.5,14454775.0
"700.HK","HK","HKD","2025-10-10T00:00:00Z",669.0,669.0,647.5,651.5,19900927.0
"700.HK","HK","HKD","2025-10-13T00:00:00Z",630.0,648.5,622.5,639.0,37984675.0
"700.HK","HK","HKD","2025-10-14T00:00:00Z",642.5,644.0,617.0,621.0,26783663.0
"700.HK","HK","HKD","2025-10-15T00:00:00Z",624.5,633.0,620.5,627.0,18380123.0
"700.HK","HK","HKD","2025-10-16T00:00:00Z",626.0,629.0,615.5,620.0,14283165.0
"700.HK","HK","HKD","2025-10-17T00:00:00Z",618.5,620.5,602.5,608.0,18650719.0
"700.HK","HK","HKD","2025-10-20T00:00:00Z",624.0,632.5,621.5,627.5,14953159.0
"700.HK","HK","HKD","2025-10-21T00:00:00Z",643.0,644.0,630.0,630.5,14170688.0
"700.HK","HK","HKD","2025-10-22T00:00:00Z",626.0,629.0,616.5,623.5,9978886.0
"700.HK","HK","HKD","2025-10-23T00:00:00Z",620.0,636.0,618.0,633.0,12419348.0
"700.HK","HK","HKD","2025-10-24T00:00:00Z",639.0,641.5,633.5,637.5,12016134.0
"700.HK","HK","HKD","2025-10-27T00:00:00Z",649.0,656.0,646.0,656.0,16043870.0
"700.HK","HK","HKD","2025-10-28T00:00:00Z",656.0,656.0,641.0,645.0,14438270.0
"700.HK","HK","HKD","2025-10-30T00:00:00Z",657.0,664.0,645.0,651.0,21771280.0
"700.HK","HK","HKD","2025-10-31T00:00:00Z",651.5,655.0,629.0,629.0,20577783.0
"700.HK","HK","HKD","2025-11-03T00:00:00Z",630.5,634.0,622.5,628.0,11591004.0
"700.HK","HK","HKD","2025-11-04T00:00:00Z",631.0,640.0,625.5,629.0,14971225.0
"700.HK","HK","HKD","2025-11-05T00:00:00Z",621.0,632.0,613.0,629.0,13307061.0
"700.HK","HK","HKD","2025-11-06T00:00:00Z",629.5,645.5,629.5,644.0,13081187.0
"700.HK","HK","HKD","2025-11-07T00:00:00Z",638.0,643.0,628.5,634.0,13314360.0
"700.HK","HK","HKD","2025-11-10T00:00:00Z",641.0,651.0,641.0,649.5,14511766.0
"700.HK","HK","HKD","2025-11-11T00:00:00Z",662.0,662.0,641.0,650.0,13087072.0
"700.HK","HK","HKD","2025-11-12T00:00:00Z",655.0,658.5,652.0,657.0,13658068.0
"700.HK","HK","HKD","2025-11-13T00:00:00Z",649.5,660.0,645.0,656.0,17299813.0
"700.HK","HK","HKD","2025-11-14T00:00:00Z",645.0,659.0,640.0,641.0,19956344.0
"700.HK","HK","HKD","2025-11-17T00:00:00Z",640.0,642.5,633.0,636.5,13789201.0
"700.HK","HK","HKD","2025-11-18T00:00:00Z",628.0,641.0,620.5,623.5,18816009.0
"700.HK","HK","HKD","2025-11-19T00:00:00Z",627.5,631.5,619.5,622.5,13958008.0
"700.HK","HK","HKD","2025-11-20T00:00:00Z",626.5,630.5,615.5,621.0,14014288.0
"700.HK","HK","HKD","2025-11-21T00:00:00Z",610.0,615.0,606.0,610.0,23731850.0
"700.HK","HK","HKD","2025-11-24T00:00:00Z",615.0,627.5,613.5,624.5,22344847.0
"700.HK","HK","HKD","2025-11-25T00:00:00Z",633.0,635.0,620.5,625.0,14877520.0
"700.HK","HK","HKD","2025-11-26T00:00:00Z",628.5,630.0,618.0,619.5,14428995.0
"700.HK","HK","HKD","2025-11-27T00:00:00Z",618.0,620.5,609.0,611.5,15493009.0
"700.HK","HK","HKD","2025-11-28T00:00:00Z",611.5,617.0,608.5,611.5,13216245.0
"700.HK","HK","HKD","2025-12-01T00:00:00Z",613.5,623.0,613.0,619.5,12643138.0
"700.HK","HK","HKD","2025-12-02T00:00:00Z",625.5,626.0,615.0,617.0,11459797.0
"700.HK","HK","HKD","2025-12-03T00:00:00Z",616.0,616.0,608.5,611.0,11002058.0
"700.HK","HK","HKD","2025-12-04T00:00:00Z",610.0,613.0,605.0,612.0,15328948.0
"700.HK","HK","HKD","2025-12-05T00:00:00Z",605.0,611.0,604.0,610.0,14638244.0
"700.HK","HK","HKD","2025-12-08T00:00:00Z",607.5,609.5,604.0,605.0,13421327.0
"700.HK","HK","HKD","2025-12-09T00:00:00Z",609.5,610.0,596.0,602.5,17431321.0
"700.HK","HK","HKD","2025-12-10T00:00:00Z",602.0,603.0,595.0,603.0,14750743.0
"700.HK","HK","HKD","2025-12-11T00:00:00Z",609.0,612.0,599.0,601.5,12480887.0
"700.HK","HK","HKD","2025-12-12T00:00:00Z",608.0,616.0,601.5,616.0,17356895.0
"700.HK","HK","HKD","2025-12-15T00:00:00Z",606.0,608.5,602.0,603.0,15165702.0
"700.HK","HK","HKD","2025-12-16T00:00:00Z",602.5,603.0,592.0,596.5,15987678.0
"700.HK","HK","HKD","2025-12-17T00:00:00Z",597.0,606.0,594.5,605.0,14824785.0
"700.HK","HK","HKD","2025-12-18T00:00:00Z",601.0,606.0,599.0,605.0,10153604.0
"700.HK","HK","HKD","2025-12-19T00:00:00Z",610.0,617.5,607.0,614.0,17765818.0
"700.HK","HK","HKD","2025-12-22T00:00:00Z",620.0,621.5,610.0,614.5,13868060.0
"700.HK","HK","HKD","2025-12-23T00:00:00Z",613.5,614.5,601.5,602.0,15623392.0
"700.HK","HK","HKD","2025-12-24T00:00:00Z",598.0,604.5,598.0,603.0,7324553.0
"700.HK","HK","HKD","2025-12-29T00:00:00Z",606.0,611.0,596.0,596.5,18502650.0
"700.HK","HK","HKD","2025-12-30T00:00:00Z",598.5,601.0,594.0,600.0,13582535.0
"700.HK","HK","HKD","2025-12-31T00:00:00Z",597.5,602.5,596.0,599.0,10838209.0
"700.HK","HK","HKD","2026-01-02T00:00:00Z",600.5,624.5,600.5,623.0,16200058.0
"700.HK","HK","HKD","2026-01-05T00:00:00Z",624.0,628.0,615.5,624.5,19947025.0
"700.HK","HK","HKD","2026-01-06T00:00:00Z",627.0,638.5,626.0,632.5,23147175.0
"700.HK","HK","HKD","2026-01-07T00:00:00Z",627.5,629.5,615.0,624.5,21378628.0
"700.HK","HK","HKD","2026-01-08T00:00:00Z",618.5,621.0,610.0,616.0,18742539.0
"700.HK","HK","HKD","2026-01-09T00:00:00Z",616.0,617.0,610.0,611.0,17813669.0
"700.HK","HK","HKD","2026-01-12T00:00:00Z",616.0,627.5,613.5,623.0,27530129.0
"700.HK","HK","HKD","2026-01-13T00:00:00Z",637.0,639.0,622.5,627.5,24212695.0
"700.HK","HK","HKD","2026-01-14T00:00:00Z",634.0,638.5,626.0,633.0,28677341.0
"700.HK","HK","HKD","2026-01-15T00:00:00Z",631.0,632.5,618.5,622.0,26194252.0
"700.HK","HK","HKD","2026-01-16T00:00:00Z",627.0,630.0,613.5,617.5,20616793.0
"700.HK","HK","HKD","2026-01-19T00:00:00Z",613.5,614.5,608.5,610.0,13233330.0
"700.HK","HK","HKD","2026-01-20T00:00:00Z",601.0,607.0,598.0,601.0,24332228.0
"700.HK","HK","HKD","2026-01-21T00:00:00Z",598.0,606.0,598.0,602.5,16003431.0
"700.HK","HK","HKD","2026-01-22T00:00:00Z",604.5,605.5,596.0,597.5,27168713.0
"700.HK","HK","HKD","2026-01-23T00:00:00Z",597.5,602.0,595.0,595.0,19177660.0
"700.HK","HK","HKD","2026-01-26T00:00:00Z",595.0,605.0,594.0,599.5,17439619.0
"700.HK","HK","HKD","2026-01-27T00:00:00Z",600.0,610.5,598.5,607.0,23887447.0
"700.HK","HK","HKD","2026-01-28T00:00:00Z",613.0,623.0,610.5,621.0,25577066.0
"700.HK","HK","HKD","2026-01-29T00:00:00Z",614.5,625.0,612.5,622.0,22951530.0
"700.HK","HK","HKD","2026-01-30T00:00:00Z",615.0,619.5,605.5,606.0,21479886.0
"700.HK","HK","HKD","2026-02-02T00:00:00Z",598.0,604.5,590.5,598.5,27926332.0
"700.HK","HK","HKD","2026-02-03T00:00:00Z",598.5,601.5,561.0,581.0,65128647.0
"700.HK","HK","HKD","2026-02-04T00:00:00Z",572.0,574.5,558.0,558.0,60374834.0
"700.HK","HK","HKD","2026-02-05T00:00:00Z",550.0,561.5,541.0,558.5,79660677.0
"700.HK","HK","HKD","2026-02-06T00:00:00Z",546.0,557.5,543.0,547.5,35402860.0
"700.HK","HK","HKD","2026-02-09T00:00:00Z",550.0,562.5,550.0,560.0,26375723.0
"700.HK","HK","HKD","2026-02-10T00:00:00Z",563.0,566.0,547.0,551.0,29211865.0
"700.HK","HK","HKD","2026-02-11T00:00:00Z",543.0,550.5,543.0,548.0,23813058.0
"700.HK","HK","HKD","2026-02-12T00:00:00Z",537.0,541.0,530.5,535.5,37828609.0
"700.HK","HK","HKD","2026-02-13T00:00:00Z",525.5,534.5,525.0,532.0,26900740.0
"700.HK","HK","HKD","2026-02-16T00:00:00Z",530.0,535.0,527.5,533.0,7224483.0
"700.HK","HK","HKD","2026-02-20T00:00:00Z",531.5,533.0,518.0,522.0,21351884.0
"700.HK","HK","HKD","2026-02-23T00:00:00Z",529.0,543.0,528.0,538.0,22136687.0
"700.HK","HK","HKD","2026-02-24T00:00:00Z",534.5,534.5,516.0,520.0,36134943.0
"700.HK","HK","HKD","2026-02-25T00:00:00Z",522.5,529.0,522.0,522.5,22838866.0
"700.HK","HK","HKD","2026-02-26T00:00:00Z",529.0,529.5,512.0,512.0,25544325.0
"700.HK","HK","HKD","2026-02-27T00:00:00Z",510.5,530.5,510.5,518.0,32229030.0
"700.HK","HK","HKD","2026-03-02T00:00:00Z",511.5,520.0,507.0,514.0,30816428.0
"700.HK","HK","HKD","2026-03-03T00:00:00Z",518.0,525.5,510.5,510.5,27370502.0
"700.HK","HK","HKD","2026-03-04T00:00:00Z",506.0,515.0,498.8,506.0,32965198.0
"700.HK","HK","HKD","2026-03-05T00:00:00Z",509.5,515.5,501.5,502.0,23955452.0
"700.HK","HK","HKD","2026-03-06T00:00:00Z",504.0,522.0,502.0,519.0,30359878.0
"700.HK","HK","HKD","2026-03-09T00:00:00Z",502.5,517.5,502.5,516.0,31383510.0
"700.HK","HK","HKD","2026-03-10T00:00:00Z",525.0,556.0,525.0,553.5,57773741.0
"700.HK","HK","HKD","2026-03-11T00:00:00Z",578.0,578.0,548.0,552.0,47623240.0
"700.HK","HK","HKD","2026-03-12T00:00:00Z",550.5,557.0,541.5,546.5,19663862.0
"700.HK","HK","HKD","2026-03-13T00:00:00Z",546.5,558.5,543.0,547.5,17184046.0
"700.HK","HK","HKD","2026-03-16T00:00:00Z",551.0,565.5,543.5,558.5,24217363.0
"700.HK","HK","HKD","2026-03-17T00:00:00Z",563.0,566.0,549.0,550.0,22872999.0
"700.HK","HK","HKD","2026-03-18T00:00:00Z",546.5,552.0,542.5,550.5,21350938.0
"700.HK","HK","HKD","2026-03-19T00:00:00Z",528.0,529.5,512.0,513.0,59432795.0
"700.HK","HK","HKD","2026-03-20T00:00:00Z",505.0,519.0,505.0,508.0,24924746.0
"700.HK","HK","HKD","2026-03-23T00:00:00Z",497.8,506.0,495.2,498.4,35123722.0
"700.HK","HK","HKD","2026-03-24T00:00:00Z",508.0,520.0,500.0,514.0,29358876.0
"700.HK","HK","HKD","2026-03-25T00:00:00Z",519.0,521.5,502.0,505.5,37353909.0
"700.HK","HK","HKD","2026-03-26T00:00:00Z",501.0,507.5,495.0,495.6,22623215.0
"700.HK","HK","HKD","2026-03-27T00:00:00Z",491.2,498.2,487.6,493.4,20346003.0
"700.HK","HK","HKD","2026-03-30T00:00:00Z",485.0,485.8,476.0,481.6,28410993.0
"700.HK","HK","HKD","2026-03-31T00:00:00Z",484.4,492.0,480.0,484.0,25801422.0
"700.HK","HK","HKD","2026-04-01T00:00:00Z",504.0,504.0,493.0,496.6,21275055.0
"700.HK","HK","HKD","2026-04-02T00:00:00Z",496.0,496.0,485.0,489.2,17030828.0
"700.HK","HK","HKD","2026-04-08T00:00:00Z",504.5,510.0,501.0,508.0,32856156.0
"700.HK","HK","HKD","2026-04-09T00:00:00Z",506.5,514.5,503.0,508.5,20722763.0
"700.HK","HK","HKD","2026-04-10T00:00:00Z",508.0,514.0,501.0,504.5,20671874.0
"700.HK","HK","HKD","2026-04-13T00:00:00Z",498.4,503.0,487.8,490.0,21140858.0
"700.HK","HK","HKD","2026-04-14T00:00:00Z",497.4,497.4,486.2,493.2,17833779.0
"700.HK","HK","HKD","2026-04-15T00:00:00Z",500.0,510.0,497.4,499.0,20288974.0
"700.HK","HK","HKD","2026-04-16T00:00:00Z",506.5,517.0,504.0,517.0,22559081.0
"700.HK","HK","HKD","2026-04-17T00:00:00Z",512.0,517.0,506.0,510.5,13747249.0
"700.HK","HK","HKD","2026-04-20T00:00:00Z",509.5,526.5,504.5,522.5,23428202.0
"700.HK","HK","HKD","2026-04-21T00:00:00Z",523.0,525.5,515.5,519.0,13113816.0
"700.HK","HK","HKD","2026-04-22T00:00:00Z",513.5,514.5,502.0,504.0,23170931.0
"700.HK","HK","HKD","2026-04-23T00:00:00Z",500.0,502.0,495.2,495.2,23497267.0
"700.HK","HK","HKD","2026-04-24T00:00:00Z",487.0,495.0,487.0,493.4,18566187.0
"700.HK","HK","HKD","2026-04-27T00:00:00Z",490.0,491.0,478.0,478.6,45048027.0
"700.HK","HK","HKD","2026-04-28T00:00:00Z",476.0,481.6,472.0,473.8,25793090.0
"700.HK","HK","HKD","2026-04-29T00:00:00Z",474.6,480.6,474.6,479.2,19321018.0
"700.HK","HK","HKD","2026-04-30T00:00:00Z",474.0,474.8,463.2,467.8,38406905.0
"700.HK","HK","HKD","2026-05-04T00:00:00Z",469.8,478.8,469.8,473.0,23758824.0
"700.HK","HK","HKD","2026-05-05T00:00:00Z",469.0,472.4,465.6,472.2,13004679.0
"700.HK","HK","HKD","2026-05-06T00:00:00Z",470.6,473.4,460.2,463.0,44367227.0
"700.HK","HK","HKD","2026-05-07T00:00:00Z",472.2,481.0,472.2,477.4,40989511.0
"700.HK","HK","HKD","2026-05-08T00:00:00Z",475.0,475.6,468.4,471.4,25207039.0
"700.HK","HK","HKD","2026-05-11T00:00:00Z",465.0,471.2,463.6,464.4,27814673.0
"700.HK","HK","HKD","2026-05-12T00:00:00Z",462.0,469.0,457.2,457.2,32469707.0
"700.HK","HK","HKD","2026-05-13T00:00:00Z",456.0,465.8,454.0,462.6,26616535.0
"700.HK","HK","HKD","2026-05-14T00:00:00Z",474.2,479.6,458.6,460.2,39339032.0
"700.HK","HK","HKD","2026-05-15T00:00:00Z",459.0,462.6,454.2,456.4,26449868.0
"700.HK","HK","HKD","2026-05-18T00:00:00Z",455.0,457.8,445.8,449.2,29497076.0
"700.HK","HK","HKD","2026-05-19T00:00:00Z",450.0,468.8,449.4,460.0,32498228.0
"700.HK","HK","HKD","2026-05-20T00:00:00Z",460.0,463.4,453.6,455.2,18927606.0
"700.HK","HK","HKD","2026-05-21T00:00:00Z",460.0,460.0,438.4,439.0,39653795.0
"700.HK","HK","HKD","2026-05-22T00:00:00Z",442.2,445.0,438.8,441.4,23998219.0
"700.HK","HK","HKD","2026-05-26T00:00:00Z",438.0,441.0,432.0,439.0,32795663.0
"700.HK","HK","HKD","2026-05-27T00:00:00Z",435.8,442.6,433.6,434.4,24863984.0
"700.HK","HK","HKD","2026-05-28T00:00:00Z",431.0,432.8,420.4,425.0,42196103.0
"700.HK","HK","HKD","2026-05-29T00:00:00Z",428.2,438.4,423.6,427.2,48005475.0
"700.HK","HK","HKD","2026-06-01T00:00:00Z",432.4,442.0,430.0,436.0,35164391.0
"700.HK","HK","HKD","2026-06-02T00:00:00Z",438.0,484.8,437.4,481.6,101874275.0
"700.HK","HK","HKD","2026-06-03T00:00:00Z",484.0,484.0,461.6,466.4,49104320.0
"700.HK","HK","HKD","2026-06-04T00:00:00Z",462.6,468.6,454.8,459.0,29053909.0
"700.HK","HK","HKD","2026-06-05T00:00:00Z",461.6,466.2,452.2,453.2,31649780.0
"700.HK","HK","HKD","2026-06-08T00:00:00Z",447.8,458.2,443.2,446.4,29019096.0
"700.HK","HK","HKD","2026-06-09T00:00:00Z",443.8,468.4,443.2,453.2,37387399.0
"700.HK","HK","HKD","2026-06-10T00:00:00Z",454.8,471.0,451.6,465.6,35788237.0
"700.HK","HK","HKD","2026-06-11T00:00:00Z",469.8,475.6,455.0,457.2,28580669.0
"700.HK","HK","HKD","2026-06-12T00:00:00Z",466.0,467.0,459.4,463.6,22334652.0
"700.HK","HK","HKD","2026-06-15T00:00:00Z",475.0,476.8,457.8,459.6,19748938.0
"700.HK","HK","HKD","2026-06-16T00:00:00Z",462.6,462.6,445.4,447.4,24323142.0
"700.HK","HK","HKD","2026-06-17T00:00:00Z",445.6,454.0,445.4,445.4,16962334.0
"700.HK","HK","HKD","2026-06-18T00:00:00Z",440.0,446.2,435.6,440.2,30119197.0
"700.HK","HK","HKD","2026-06-22T00:00:00Z",439.0,439.0,428.4,433.0,31563111.0
"700.HK","HK","HKD","2026-06-23T00:00:00Z",430.0,432.4,413.6,414.8,43435789.0
"700.HK","HK","HKD","2026-06-24T00:00:00Z",414.0,439.8,412.6,428.8,39958288.0
"700.HK","HK","HKD","2026-06-25T00:00:00Z",428.6,428.6,418.0,421.4,29472428.0
"700.HK","HK","HKD","2026-06-26T00:00:00Z",418.0,421.2,411.0,411.8,31872909.0
"700.HK","HK","HKD","2026-06-29T00:00:00Z",417.0,432.0,415.0,420.2,33066070.0
"700.HK","HK","HKD","2026-06-30T00:00:00Z",421.2,435.6,418.4,429.8,38994433.0
"700.HK","HK","HKD","2026-07-02T00:00:00Z",442.6,447.0,429.4,430.2,40905100.0
"700.HK","HK","HKD","2026-07-03T00:00:00Z",433.0,445.8,431.2,431.2,24957296.0
"700.HK","HK","HKD","2026-07-06T00:00:00Z",432.8,453.4,425.4,452.0,41502083.0
"700.HK","HK","HKD","2026-07-07T00:00:00Z",459.0,479.8,457.0,461.2,55418434.0
"700.HK","HK","HKD","2026-07-08T00:00:00Z",461.2,482.8,460.6,478.8,56162907.0
"700.HK","HK","HKD","2026-07-09T00:00:00Z",479.0,485.0,467.2,469.6,42402178.0
"700.HK","HK","HKD","2026-07-10T00:00:00Z",472.8,473.6,458.8,460.2,40438498.0
"700.HK","HK","HKD","2026-07-13T00:00:00Z",463.2,473.8,456.2,457.6,24291842.0
"700.HK","HK","HKD","2026-07-14T00:00:00Z",457.6,459.2,447.4,456.2,25540540.0
"700.HK","HK","HKD","2026-07-15T00:00:00Z",467.6,476.4,455.4,474.0,33780856.0
"700.HK","HK","HKD","2026-07-16T00:00:00Z",478.0,494.8,477.4,484.0,42851558.0
"700.HK","HK","HKD","2026-07-17T00:00:00Z",488.8,488.8,458.0,461.6,36237717.0
"700.HK","HK","HKD","2026-07-20T00:00:00Z",465.6,481.8,465.6,477.8,30822439.0
"700.HK","HK","HKD","2026-07-21T00:00:00Z",478.2,482.6,472.8,474.0,21362780.0
"700.HK","HK","HKD","2026-07-22T00:00:00Z",468.0,468.0,440.6,440.6,66379871.0
"700.HK","HK","HKD","2026-07-23T00:00:00Z",440.0,450.8,439.0,445.2,22888616.0
"700.HK","HK","HKD","2026-07-24T00:00:00Z",438.2,438.8,432.0,434.6,22959603.0
"700.HK","HK","HKD","2026-07-27T00:00:00Z",438.8,446.4,435.4,443.0,14454552.0
"700.HK","HK","HKD","2026-07-28T00:00:00Z",447.8,452.0,441.6,447.2,18144049.0
"700.HK","HK","HKD","2026-07-29T00:00:00Z",453.0,469.4,450.0,466.4,36203193.0
"700.HK","HK","HKD","2026-07-30T00:00:00Z",466.4,475.0,462.8,471.8,31791398.0
"700.HK","HK","HKD","2026-07-31T00:00:00Z",470.0,479.8,462.0,475.2,31113800.0
"700.HK","HK","HKD","2026-08-03T00:00:00Z",482.0,491.0,480.6,490.4,38649918.0
"700.HK","HK","HKD","2026-08-04T00:00:00Z",491.0,494.8,480.8,487.6,24860019.0
"700.HK","HK","HKD","2026-08-05T00:00:00Z",493.4,497.8,482.2,492.2,25662478.0
"700.HK","HK","HKD","2026-08-06T00:00:00Z",491.0,491.0,479.0,479.2,21801977.0
"700.HK","HK","HKD","2026-08-07T00:00:00Z",479.0,483.2,475.4,478.8,16318939.0
"700.HK","HK","HKD","2026-08-10T00:00:00Z",479.0,483.6,476.4,481.4,15508724.0
"700.HK","HK","HKD","2026-08-11T00:00:00Z",481.2,483.8,469.6,470.8,19558079.0
"700.HK","HK","HKD","2026-08-12T00:00:00Z",464.6,467.2,456.2,461.6,27593015.0
"700.HK","HK","HKD","2026-08-13T00:00:00Z",446.4,452.2,439.6,441.0,66424623.0
"700.HK","HK","HKD","2026-08-14T00:00:00Z",436.0,445.0,436.0,440.0,30601060.0
"700.HK","HK","HKD","2026-08-17T00:00:00Z",444.8,450.4,442.6,446.4,19842808.0
"700.HK","HK","HKD","2026-08-18T00:00:00Z",444.2,446.2,437.6,442.4,23218078.0
"700.HK","HK","HKD","2026-08-19T00:00:00Z",438.2,449.4,438.2,447.2,19773887.0
"700.HK","HK","HKD","2026-08-20T00:00:00Z",454.6,457.4,448.8,451.4,19621298.0
"700.HK","HK","HKD","2026-08-21T00:00:00Z",451.0,457.2,445.0,457.0,22326906.0
"700.HK","HK","HKD","2026-08-24T00:00:00Z",450.0,451.4,438.4,440.0,29180102.0
"700.HK","HK","HKD","2026-08-25T00:00:00Z",440.0,444.6,438.0,442.0,13032108.0
"700.HK","HK","HKD","2026-08-26T00:00:00Z",445.0,450.0,443.2,445.4,14643242.0
"700.HK","HK","HKD","2026-08-27T00:00:00Z",450.8,451.8,446.6,447.8,11487100.0
"700.HK","HK","HKD","2026-08-28T00:00:00Z",444.0,462.2,443.4,455.2,27742475.0
"700.HK","HK","HKD","2026-08-31T00:00:00Z",451.0,456.2,446.0,453.0,20149770.0
"700.HK","HK","HKD","2026-09-01T00:00:00Z",446.4,447.6,440.6,441.4,20289801.0
"700.HK","HK","HKD","2026-09-02T00:00:00Z",439.0,441.4,435.0,438.2,21341328.0
"700.HK","HK","HKD","2026-09-03T00:00:00Z",444.2,445.6,433.0,433.0,17387096.0
"700.HK","HK","HKD","2026-09-04T00:00:00Z",442.4,447.6,440.0,442.8,24025286.0
"700.HK","HK","HKD","2026-09-07T00:00:00Z",440.6,442.6,438.2,438.4,10442987.0
"700.HK","HK","HKD","2026-09-08T00:00:00Z",437.0,439.8,435.0,435.4,10414838.0
"700.HK","HK","HKD","2026-09-09T00:00:00Z",436.2,438.4,432.8,434.0,17643957.0
"700.HK","HK","HKD","2026-09-10T00:00:00Z",430.0,430.8,425.0,425.6,22333165.0
"700.HK","HK","HKD","2026-09-11T00:00:00Z",419.4,430.8,419.4,428.4,15628379.0
"700.HK","HK","HKD","2026-09-14T00:00:00Z",423.8,435.4,423.8,430.6,11364009.0
"700.HK","HK","HKD","2026-09-15T00:00:00Z",428.0,446.0,428.0,438.8,21791117.0
"700.HK","HK","HKD","2026-09-16T00:00:00Z",438.8,438.8,432.6,433.4,12686315.0
"700.HK","HK","HKD","2026-09-17T00:00:00Z",426.2,431.0,425.0,426.0,16185147.0
"700.HK","HK","HKD","2026-09-18T00:00:00Z",428.0,430.4,419.0,419.0,28796148.0
"700.HK","HK","HKD","2026-09-21T00:00:00Z",424.6,434.8,423.0,430.0,19669333.0
"700.HK","HK","HKD","2026-09-22T00:00:00Z",442.8,463.4,442.0,451.6,70737499.0
"700.HK","HK","HKD","2026-09-23T00:00:00Z",453.4,454.4,438.6,441.0,22309793.0
"700.HK","HK","HKD","2026-09-24T00:00:00Z",435.0,439.8,433.4,438.4,14277944.0
"700.HK","HK","HKD","2026-09-25T00:00:00Z",433.8,437.2,431.2,436.6,9113746.0
"9988.HK","HK","HKD","2025-09-26T00:00:00Z",168.4,171.9,165.0,166.5,152975342.0
"9988.HK","HK","HKD","2025-09-29T00:00:00Z",166.9,174.3,166.9,173.4,134259119.0
"9988.HK","HK","HKD","2025-09-30T00:00:00Z",176.6,178.0,173.7,177.0,135447994.0
"9988.HK","HK","HKD","2025-10-02T00:00:00Z",179.7,185.0,179.1,183.1,95938792.0
"9988.HK","HK","HKD","2025-10-03T00:00:00Z",185.0,186.2,183.3,185.1,56801497.0
"9988.HK","HK","HKD","2025-10-06T00:00:00Z",181.8,183.8,179.8,180.5,49211580.0
"9988.HK","HK","HKD","2025-10-08T00:00:00Z",178.1,178.3,173.5,177.6,75252197.0
"9988.HK","HK","HKD","2025-10-09T00:00:00Z",179.0,179.0,171.5,173.3,158028252.0
"9988.HK","HK","HKD","2025-10-10T00:00:00Z",169.1,170.3,164.8,165.4,186700466.0
"9988.HK","HK","HKD","2025-10-13T00:00:00Z",159.0,163.6,156.1,162.6,282730044.0
"9988.HK","HK","HKD","2025-10-14T00:00:00Z",164.8,166.1,154.0,155.6,201505074.0
"9988.HK","HK","HKD","2025-10-15T00:00:00Z",158.7,162.7,156.1,161.6,111129729.0
"9988.HK","HK","HKD","2025-10-16T00:00:00Z",162.6,164.2,158.6,161.2,73157293.0
"9988.HK","HK","HKD","2025-10-17T00:00:00Z",161.0,161.0,153.0,154.4,133510317.0
"9988.HK","HK","HKD","2025-10-20T00:00:00Z",162.1,162.9,160.0,161.9,98030610.0
"9988.HK","HK","HKD","2025-10-21T00:00:00Z",167.5,169.0,164.8,165.1,110613314.0
"9988.HK","HK","HKD","2025-10-22T00:00:00Z",162.7,163.6,160.0,161.9,67639868.0
"9988.HK","HK","HKD","2025-10-23T00:00:00Z",161.9,165.5,159.1,164.6,86447894.0
"9988.HK","HK","HKD","2025-10-24T00:00:00Z",168.0,169.3,166.6,168.3,84062178.0
"9988.HK","HK","HKD","2025-10-27T00:00:00Z",174.8,175.0,172.1,173.6,96793607.0
"9988.HK","HK","HKD","2025-10-28T00:00:00Z",174.0,174.2,169.5,171.0,73409157.0
"9988.HK","HK","HKD","2025-10-30T00:00:00Z",173.4,174.8,169.0,172.1,112247088.0
"9988.HK","HK","HKD","2025-10-31T00:00:00Z",169.8,170.6,165.1,165.1,97450096.0
"9988.HK","HK","HKD","2025-11-03T00:00:00Z",164.9,166.3,161.5,163.2,74770687.0
"9988.HK","HK","HKD","2025-11-04T00:00:00Z",164.0,164.0,158.1,159.0,89526569.0
"9988.HK","HK","HKD","2025-11-05T00:00:00Z",156.6,159.3,154.2,158.5,94027819.0
"9988.HK","HK","HKD","2025-11-06T00:00:00Z",160.8,165.3,159.9,165.0,83524228.0
"9988.HK","HK","HKD","2025-11-07T00:00:00Z",163.2,163.2,158.9,160.1,66709927.0
"9988.HK","HK","HKD","2025-11-10T00:00:00Z",162.8,164.2,160.4,163.4,57525975.0
"9988.HK","HK","HKD","2025-11-11T00:00:00Z",161.5,162.4,158.6,160.4,73036852.0
"9988.HK","HK","HKD","2025-11-12T00:00:00Z",157.1,158.4,155.2,156.8,96733380.0
"9988.HK","HK","HKD","2025-11-13T00:00:00Z",153.9,166.0,153.3,162.0,155446292.0
"9988.HK","HK","HKD","2025-11-14T00:00:00Z",156.5,158.4,154.5,154.9,101347019.0
"9988.HK","HK","HKD","2025-11-17T00:00:00Z",152.3,158.0,152.1,154.9,113904864.0
"9988.HK","HK","HKD","2025-11-18T00:00:00Z",153.2,158.4,153.2,154.6,102874719.0
"9988.HK","HK","HKD","2025-11-19T00:00:00Z",155.8,157.9,155.1,156.4,71130146.0
"9988.HK","HK","HKD","2025-11-20T00:00:00Z",158.3,159.8,154.0,154.8,65486365.0
"9988.HK","HK","HKD","2025-11-21T00:00:00Z",150.0,150.6,146.9,147.6,141030693.0
"9988.HK","HK","HKD","2025-11-24T00:00:00Z",147.8,156.3,147.8,154.5,199762703.0
"9988.HK","HK","HKD","2025-11-25T00:00:00Z",159.0,160.5,153.4,157.8,147081529.0
"9988.HK","HK","HKD","2025-11-26T00:00:00Z",154.0,158.0,153.4,154.8,110641759.0
"9988.HK","HK","HKD","2025-11-27T00:00:00Z",154.0,154.9,150.1,150.6,103300322.0
"9988.HK","HK","HKD","2025-11-28T00:00:00Z",151.8,153.2,151.0,151.5,66561266.0
"9988.HK","HK","HKD","2025-12-01T00:00:00Z",153.0,156.9,152.0,154.9,93252420.0
"9988.HK","HK","HKD","2025-12-02T00:00:00Z",160.1,160.1,156.3,157.0,74132971.0
"9988.HK","HK","HKD","2025-12-03T00:00:00Z",155.8,156.6,153.1,153.6,54033252.0
"9988.HK","HK","HKD","2025-12-04T00:00:00Z",153.1,155.1,152.5,154.4,57103010.0
"9988.HK","HK","HKD","2025-12-05T00:00:00Z",153.2,155.1,152.6,155.0,78813744.0
"9988.HK","HK","HKD","2025-12-08T00:00:00Z",155.0,155.5,152.8,153.4,75226135.0
"9988.HK","HK","HKD","2025-12-09T00:00:00Z",155.1,156.8,150.4,150.9,69789164.0
"9988.HK","HK","HKD","2025-12-10T00:00:00Z",150.5,153.4,149.6,153.2,61369895.0
"9988.HK","HK","HKD","2025-12-11T00:00:00Z",155.0,155.5,150.5,150.6,59433982.0
"9988.HK","HK","HKD","2025-12-12T00:00:00Z",152.7,154.1,150.8,154.1,87805711.0
"9988.HK","HK","HKD","2025-12-15T00:00:00Z",150.8,151.7,148.5,148.6,94298860.0
"9988.HK","HK","HKD","2025-12-16T00:00:00Z",146.9,147.0,141.6,144.2,118119058.0
"9988.HK","HK","HKD","2025-12-17T00:00:00Z",144.2,147.3,143.1,146.0,60486179.0
"9988.HK","HK","HKD","2025-12-18T00:00:00Z",143.1,144.9,142.9,144.1,47014025.0
"9988.HK","HK","HKD","2025-12-19T00:00:00Z",145.0,146.7,144.2,145.3,70392597.0
"9988.HK","HK","HKD","2025-12-22T00:00:00Z",146.0,148.5,145.0,146.4,58877432.0
"9988.HK","HK","HKD","2025-12-23T00:00:00Z",146.7,148.0,146.4,147.2,47601549.0
"9988.HK","HK","HKD","2025-12-24T00:00:00Z",147.0,148.1,145.1,146.0,28967695.0
"9988.HK","HK","HKD","2025-12-29T00:00:00Z",147.1,148.5,143.3,143.3,62656820.0
"9988.HK","HK","HKD","2025-12-30T00:00:00Z",143.3,145.7,143.2,144.5,60201733.0
"9988.HK","HK","HKD","2025-12-31T00:00:00Z",143.7,143.8,142.4,142.8,35628222.0
"9988.HK","HK","HKD","2026-01-02T00:00:00Z",143.2,149.7,142.9,149.0,48902470.0
"9988.HK","HK","HKD","2026-01-05T00:00:00Z",151.1,153.8,150.0,152.8,102834720.0
"9988.HK","HK","HKD","2026-01-06T00:00:00Z",150.9,153.2,150.5,150.8,108912180.0
"9988.HK","HK","HKD","2026-01-07T00:00:00Z",147.1,147.8,143.5,145.9,149677478.0
"9988.HK","HK","HKD","2026-01-08T00:00:00Z",143.6,144.9,141.0,142.6,107421412.0
"9988.HK","HK","HKD","2026-01-09T00:00:00Z",148.0,149.5,145.9,146.5,115234256.0
"9988.HK","HK","HKD","2026-01-12T00:00:00Z",146.9,154.6,146.0,154.3,164580300.0
"9988.HK","HK","HKD","2026-01-13T00:00:00Z",162.0,164.0,157.4,159.9,153153842.0
"9988.HK","HK","HKD","2026-01-14T00:00:00Z",163.8,169.8,162.1,169.0,244622843.0
"9988.HK","HK","HKD","2026-01-15T00:00:00Z",168.9,170.1,163.1,164.6,133061563.0
"9988.HK","HK","HKD","2026-01-16T00:00:00Z",167.9,168.7,165.0,166.2,79370877.0
"9988.HK","HK","HKD","2026-01-19T00:00:00Z",162.0,162.5,160.1,160.4,72500942.0
"9988.HK","HK","HKD","2026-01-20T00:00:00Z",159.8,162.2,158.6,159.7,55456250.0
"9988.HK","HK","HKD","2026-01-21T00:00:00Z",158.3,164.9,158.3,163.2,67441275.0
"9988.HK","HK","HKD","2026-01-22T00:00:00Z",166.0,166.5,162.8,164.8,59810989.0
"9988.HK","HK","HKD","2026-01-23T00:00:00Z",171.2,172.0,168.3,168.5,93252549.0
"9988.HK","HK","HKD","2026-01-26T00:00:00Z",169.5,170.2,164.5,165.2,67819829.0
"9988.HK","HK","HKD","2026-01-27T00:00:00Z",166.8,169.9,164.9,169.9,73661350.0
"9988.HK","HK","HKD","2026-01-28T00:00:00Z",170.5,173.8,168.6,173.5,102209414.0
"9988.HK","HK","HKD","2026-01-29T00:00:00Z",171.1,174.2,170.3,173.3,67539478.0
"9988.HK","HK","HKD","2026-01-30T00:00:00Z",170.0,170.7,167.0,169.2,75134065.0
"9988.HK","HK","HKD","2026-02-02T00:00:00Z",164.7,167.9,161.0,163.3,100747773.0
"9988.HK","HK","HKD","2026-02-03T00:00:00Z",165.4,166.0,155.2,161.0,111086312.0
"9988.HK","HK","HKD","2026-02-04T00:00:00Z",159.4,162.3,157.1,159.5,71689072.0
"9988.HK","HK","HKD","2026-02-05T00:00:00Z",155.5,160.4,154.0,159.6,89720504.0
"9988.HK","HK","HKD","2026-02-06T00:00:00Z",153.5,156.8,153.2,155.0,78125091.0
"9988.HK","HK","HKD","2026-02-09T00:00:00Z",159.5,160.2,157.6,157.9,58582947.0
"9988.HK","HK","HKD","2026-02-10T00:00:00Z",159.7,162.6,158.7,160.5,58402811.0
"9988.HK","HK","HKD","2026-02-11T00:00:00Z",161.3,162.7,159.6,160.1,51639528.0
"9988.HK","HK","HKD","2026-02-12T00:00:00Z",157.9,159.5,156.1,158.6,55061167.0
"9988.HK","HK","HKD","2026-02-13T00:00:00Z",154.0,156.4,153.9,155.4,69945660.0
"9988.HK","HK","HKD","2026-02-16T00:00:00Z",152.6,154.9,150.5,154.7,29215118.0
"9988.HK","HK","HKD","2026-02-20T00:00:00Z",150.0,151.7,147.1,147.1,70273864.0
"9988.HK","HK","HKD","2026-02-23T00:00:00Z",150.1,153.3,149.5,152.2,44852186.0
"9988.HK","HK","HKD","2026-02-24T00:00:00Z",149.9,150.4,147.0,148.0,82838070.0
"9988.HK","HK","HKD","2026-02-25T00:00:00Z",149.8,150.2,148.1,148.3,47742854.0
"9988.HK","HK","HKD","2026-02-26T00:00:00Z",148.3,148.8,143.0,143.0,98869455.0
"9988.HK","HK","HKD","2026-02-27T00:00:00Z",143.0,145.5,142.2,142.9,88719769.0
"9988.HK","HK","HKD","2026-03-02T00:00:00Z",139.6,140.5,135.6,136.4,134838521.0
"9988.HK","HK","HKD","2026-03-03T00:00:00Z",139.0,139.2,134.6,134.8,88646548.0
"9988.HK","HK","HKD","2026-03-04T00:00:00Z",131.2,133.0,127.7,129.9,163124992.0
"9988.HK","HK","HKD","2026-03-05T00:00:00Z",130.5,131.4,125.1,126.3,141677427.0
"9988.HK","HK","HKD","2026-03-06T00:00:00Z",126.9,132.0,126.5,130.7,100859931.0
"9988.HK","HK","HKD","2026-03-09T00:00:00Z",125.2,129.4,125.1,128.7,102893047.0
"9988.HK","HK","HKD","2026-03-10T00:00:00Z",131.0,134.2,130.0,133.5,98336581.0
"9988.HK","HK","HKD","2026-03-11T00:00:00Z",135.5,136.1,132.4,133.2,61695884.0
"9988.HK","HK","HKD","2026-03-12T00:00:00Z",130.6,133.5,129.6,131.6,57889342.0
"9988.HK","HK","HKD","2026-03-13T00:00:00Z",131.3,134.6,130.4,132.5,51862084.0
"9988.HK","HK","HKD","2026-03-16T00:00:00Z",132.9,135.1,130.8,134.0,50025123.0
"9988.HK","HK","HKD","2026-03-17T00:00:00Z",135.2,138.5,134.6,134.6,76247583.0
"9988.HK","HK","HKD","2026-03-18T00:00:00Z",134.4,140.2,133.1,137.7,108384226.0
"9988.HK","HK","HKD","2026-03-19T00:00:00Z",132.7,134.2,131.2,132.0,112049539.0
"9988.HK","HK","HKD","2026-03-20T00:00:00Z",123.5,126.8,122.4,123.7,205738255.0
"9988.HK","HK","HKD","2026-03-23T00:00:00Z",120.8,121.6,117.7,119.7,136352855.0
"9988.HK","HK","HKD","2026-03-24T00:00:00Z",122.0,124.0,119.8,123.2,86973171.0
"9988.HK","HK","HKD","2026-03-25T00:00:00Z",125.2,131.4,123.4,128.9,148277825.0
"9988.HK","HK","HKD","2026-03-26T00:00:00Z",128.0,128.0,122.6,123.0,87500096.0
"9988.HK","HK","HKD","2026-03-27T00:00:00Z",123.0,124.1,121.4,122.6,53442590.0
"9988.HK","HK","HKD","2026-03-30T00:00:00Z",118.2,121.4,117.9,120.5,80519074.0
"9988.HK","HK","HKD","2026-03-31T00:00:00Z",120.8,122.1,117.8,119.0,72026359.0
"9988.HK","HK","HKD","2026-04-01T00:00:00Z",123.3,124.0,121.5,122.7,67832865.0
"9988.HK","HK","HKD","2026-04-02T00:00:00Z",121.0,121.0,117.5,118.5,95121535.0
"9988.HK","HK","HKD","2026-04-08T00:00:00Z",121.9,127.9,121.3,126.5,181819816.0
"9988.HK","HK","HKD","2026-04-09T00:00:00Z",123.1,124.0,122.0,122.9,82451818.0
"9988.HK","HK","HKD","2026-04-10T00:00:00Z",125.1,127.5,125.0,125.5,78382509.0
"9988.HK","HK","HKD","2026-04-13T00:00:00Z",124.5,124.5,122.5,123.2,51100996.0
"9988.HK","HK","HKD","2026-04-14T00:00:00Z",125.5,126.8,123.2,124.5,52390198.0
"9988.HK","HK","HKD","2026-04-15T00:00:00Z",129.5,131.0,128.4,128.6,95222677.0
"9988.HK","HK","HKD","2026-04-16T00:00:00Z",131.7,136.1,131.2,135.8,127392595.0
"9988.HK","HK","HKD","2026-04-17T00:00:00Z",135.0,137.2,134.6,136.4,83379143.0
"9988.HK","HK","HKD","2026-04-20T00:00:00Z",135.7,138.4,134.7,137.0,71204282.0
"9988.HK","HK","HKD","2026-04-21T00:00:00Z",138.2,138.2,134.9,136.3,44920044.0
"9988.HK","HK","HKD","2026-04-22T00:00:00Z",133.3,133.4,130.6,131.5,69494718.0
"9988.HK","HK","HKD","2026-04-23T00:00:00Z",132.6,132.7,129.5,130.4,54768842.0
"9988.HK","HK","HKD","2026-04-24T00:00:00Z",128.1,132.8,126.7,131.8,63648525.0
"9988.HK","HK","HKD","2026-04-27T00:00:00Z",131.8,133.9,130.1,130.2,51858735.0
"9988.HK","HK","HKD","2026-04-28T00:00:00Z",128.8,130.6,126.0,126.5,72924924.0
"9988.HK","HK","HKD","2026-04-29T00:00:00Z",128.8,130.6,128.2,130.6,59643280.0
"9988.HK","HK","HKD","2026-04-30T00:00:00Z",128.2,128.5,126.0,126.0,88190461.0
"9988.HK","HK","HKD","2026-05-04T00:00:00Z",128.8,134.2,128.7,131.7,67792478.0
"9988.HK","HK","HKD","2026-05-05T00:00:00Z",131.2,132.7,129.9,131.2,25517465.0
"9988.HK","HK","HKD","2026-05-06T00:00:00Z",132.4,137.3,130.9,134.2,115976497.0
"9988.HK","HK","HKD","2026-05-07T00:00:00Z",139.5,140.9,138.5,140.9,116084635.0
"9988.HK","HK","HKD","2026-05-08T00:00:00Z",138.9,139.8,138.2,139.0,59348966.0
"9988.HK","HK","HKD","2026-05-11T00:00:00Z",136.8,137.6,133.3,133.9,98275069.0
"9988.HK","HK","HKD","2026-05-12T00:00:00Z",133.5,136.0,133.1,133.3,57483637.0
"9988.HK","HK","HKD","2026-05-13T00:00:00Z",132.0,134.2,130.3,132.8,89332520.0
"9988.HK","HK","HKD","2026-05-14T00:00:00Z",143.1,144.0,137.4,137.9,171292701.0
"9988.HK","HK","HKD","2026-05-15T00:00:00Z",138.0,138.0,131.1,132.3,90144879.0
"9988.HK","HK","HKD","2026-05-18T00:00:00Z",130.4,134.9,128.6,131.7,94625028.0
"9988.HK","HK","HKD","2026-05-19T00:00:00Z",132.4,135.3,132.4,133.3,69079780.0
"9988.HK","HK","HKD","2026-05-20T00:00:00Z",132.9,135.5,131.0,131.9,64904996.0
"9988.HK","HK","HKD","2026-05-21T00:00:00Z",132.6,132.6,125.5,126.0,124833824.0
"9988.HK","HK","HKD","2026-05-22T00:00:00Z",128.2,128.6,126.0,127.0,67105437.0
"9988.HK","HK","HKD","2026-05-26T00:00:00Z",127.2,129.3,124.3,127.6,81943801.0
"9988.HK","HK","HKD","2026-05-27T00:00:00Z",127.7,127.9,123.6,124.3,73913384.0
"9988.HK","HK","HKD","2026-05-28T00:00:00Z",123.7,123.9,120.0,121.8,113734767.0
"9988.HK","HK","HKD","2026-05-29T00:00:00Z",123.2,124.3,120.6,120.9,106781469.0
"9988.HK","HK","HKD","2026-06-01T00:00:00Z",121.3,124.2,121.2,122.8,64910941.0
"9988.HK","HK","HKD","2026-06-02T00:00:00Z",124.1,131.2,123.4,130.9,126607691.0
"9988.HK","HK","HKD","2026-06-03T00:00:00Z",130.0,130.3,126.5,126.6,90810223.0
"9988.HK","HK","HKD","2026-06-04T00:00:00Z",125.2,125.6,122.8,123.5,60737375.0
"9988.HK","HK","HKD","2026-06-05T00:00:00Z",123.5,125.1,121.6,122.4,75982909.0
"9988.HK","HK","HKD","2026-06-08T00:00:00Z",118.3,120.2,117.8,118.8,84021112.0
"9988.HK","HK","HKD","2026-06-09T00:00:00Z",117.6,119.2,117.1,117.1,66707175.0
"9988.HK","HK","HKD","2026-06-10T00:00:00Z",116.1,116.6,111.1,113.5,115892674.0
"9988.HK","HK","HKD","2026-06-11T00:00:00Z",112.3,112.9,106.1,107.4,160350719.0
"9988.HK","HK","HKD","2026-06-12T00:00:00Z",109.0,111.2,108.8,110.2,74743889.0
"9988.HK","HK","HKD","2026-06-15T00:00:00Z",113.1,113.2,108.0,109.3,83179704.0
"9988.HK","HK","HKD","2026-06-16T00:00:00Z",110.0,110.2,106.3,107.0,69138026.0
"9988.HK","HK","HKD","2026-06-17T00:00:00Z",108.3,108.4,105.8,106.9,71467113.0
"9988.HK","HK","HKD","2026-06-18T00:00:00Z",105.4,106.0,102.4,104.9,160333242.0
"9988.HK","HK","HKD","2026-06-22T00:00:00Z",102.8,103.8,100.8,102.9,99214294.0
"9988.HK","HK","HKD","2026-06-23T00:00:00Z",103.4,103.4,98.7,98.95,98049349.0
"9988.HK","HK","HKD","2026-06-24T00:00:00Z",99.15,101.5,97.65,99.4,103966499.0
"9988.HK","HK","HKD","2026-06-25T00:00:00Z",97.3,98.25,94.0,95.0,141402714.0
"9988.HK","HK","HKD","2026-06-26T00:00:00Z",92.0,92.5,88.65,89.5,176208269.0
"9988.HK","HK","HKD","2026-06-29T00:00:00Z",91.7,95.45,91.15,93.0,123324036.0
"9988.HK","HK","HKD","2026-06-30T00:00:00Z",93.0,93.95,91.3,92.85,89897669.0
"9988.HK","HK","HKD","2026-07-02T00:00:00Z",95.3,97.4,93.55,94.5,106334309.0
"9988.HK","HK","HKD","2026-07-03T00:00:00Z",94.15,96.0,93.5,94.1,67295654.0
"9988.HK","HK","HKD","2026-07-06T00:00:00Z",94.25,97.4,92.5,95.95,81423883.0
"9988.HK","HK","HKD","2026-07-07T00:00:00Z",96.15,100.5,95.3,95.8,100211364.0
"9988.HK","HK","HKD","2026-07-08T00:00:00Z",96.95,109.0,96.55,107.5,281107285.0
"9988.HK","HK","HKD","2026-07-09T00:00:00Z",110.1,112.9,107.5,108.0,190535828.0
"9988.HK","HK","HKD","2026-07-10T00:00:00Z",110.0,113.0,109.0,110.2,103843538.0
"9988.HK","HK","HKD","2026-07-13T00:00:00Z",110.8,115.1,110.3,110.7,100489536.0
"9988.HK","HK","HKD","2026-07-14T00:00:00Z",110.3,112.6,107.0,110.8,100890456.0
"9988.HK","HK","HKD","2026-07-15T00:00:00Z",111.6,114.8,109.1,113.4,112769038.0
"9988.HK","HK","HKD","2026-07-16T00:00:00Z",116.2,119.8,116.0,116.9,153608858.0
"9988.HK","HK","HKD","2026-07-17T00:00:00Z",116.3,118.0,110.7,112.6,125635830.0
"9988.HK","HK","HKD","2026-07-20T00:00:00Z",116.0,118.9,115.3,116.8,125351135.0
"9988.HK","HK","HKD","2026-07-21T00:00:00Z",119.9,121.0,115.5,117.0,98262502.0
"9988.HK","HK","HKD","2026-07-22T00:00:00Z",115.9,116.3,112.7,113.6,120611396.0
"9988.HK","HK","HKD","2026-07-23T00:00:00Z",114.1,115.1,110.5,114.9,52344763.0
"9988.HK","HK","HKD","2026-07-24T00:00:00Z",111.5,112.2,108.2,110.0,107488512.0
"9988.HK","HK","HKD","2026-07-27T00:00:00Z",111.4,111.6,108.8,111.0,58415973.0
"9988.HK","HK","HKD","2026-07-28T00:00:00Z",113.0,114.2,111.0,112.0,75913853.0
"9988.HK","HK","HKD","2026-07-29T00:00:00Z",113.9,115.5,111.7,113.6,93154775.0
"9988.HK","HK","HKD","2026-07-30T00:00:00Z",114.0,114.8,110.3,111.8,74326961.0
"9988.HK","HK","HKD","2026-07-31T00:00:00Z",114.1,119.3,113.3,117.0,144668807.0
"9988.HK","HK","HKD","2026-08-03T00:00:00Z",121.0,126.0,120.1,125.2,192268809.0
"9988.HK","HK","HKD","2026-08-04T00:00:00Z",126.8,129.2,124.7,125.8,125358922.0
"9988.HK","HK","HKD","2026-08-05T00:00:00Z",128.4,129.0,125.6,128.1,93382622.0
"9988.HK","HK","HKD","2026-08-06T00:00:00Z",126.5,126.5,123.7,124.4,67212277.0
"9988.HK","HK","HKD","2026-08-07T00:00:00Z",125.3,125.8,121.6,123.8,58248025.0
"9988.HK","HK","HKD","2026-08-10T00:00:00Z",125.4,127.5,124.2,126.7,53629640.0
"9988.HK","HK","HKD","2026-08-11T00:00:00Z",129.4,130.3,125.9,126.4,74286963.0
"9988.HK","HK","HKD","2026-08-12T00:00:00Z",124.4,124.9,121.3,122.6,65057854.0
"9988.HK","HK","HKD","2026-08-13T00:00:00Z",121.2,124.1,121.1,121.9,58154432.0
"9988.HK","HK","HKD","2026-08-14T00:00:00Z",120.3,120.8,118.5,119.9,56905091.0
"9988.HK","HK","HKD","2026-08-17T00:00:00Z",122.0,123.4,120.8,122.2,48563292.0
"9988.HK","HK","HKD","2026-08-18T00:00:00Z",122.0,128.3,121.0,126.7,120433806.0
"9988.HK","HK","HKD","2026-08-19T00:00:00Z",124.6,126.5,123.2,124.2,70727616.0
"9988.HK","HK","HKD","2026-08-20T00:00:00Z",126.6,129.0,124.3,126.2,92028319.0
"9988.HK","HK","HKD","2026-08-21T00:00:00Z",129.2,129.8,121.5,123.0,146890540.0
"9988.HK","HK","HKD","2026-08-24T00:00:00Z",113.1,113.5,110.1,112.5,362953456.0
"9988.HK","HK","HKD","2026-08-25T00:00:00Z",114.8,115.0,112.2,114.2,124296637.0
"9988.HK","HK","HKD","2026-08-26T00:00:00Z",115.7,117.8,115.6,116.6,133860910.0
"9988.HK","HK","HKD","2026-08-27T00:00:00Z",117.4,117.4,115.1,115.5,83206714.0
"9988.HK","HK","HKD","2026-08-28T00:00:00Z",113.1,114.8,112.5,113.9,73086522.0
"9988.HK","HK","HKD","2026-08-31T00:00:00Z",115.0,115.0,112.2,114.2,82619229.0
"9988.HK","HK","HKD","2026-09-01T00:00:00Z",112.2,112.7,109.5,110.4,99751649.0
"9988.HK","HK","HKD","2026-09-02T00:00:00Z",110.2,110.4,107.3,109.9,76466094.0
"9988.HK","HK","HKD","2026-09-03T00:00:00Z",110.5,110.7,106.5,107.5,69972408.0
"9988.HK","HK","HKD","2026-09-04T00:00:00Z",109.5,111.9,109.5,110.1,103698738.0
"9988.HK","HK","HKD","2026-09-07T00:00:00Z",110.3,111.0,109.1,109.6,40367117.0
"9988.HK","HK","HKD","2026-09-08T00:00:00Z",109.0,111.7,108.6,109.5,44150465.0
"9988.HK","HK","HKD","2026-09-09T00:00:00Z",110.5,110.9,108.6,109.8,46572012.0
"9988.HK","HK","HKD","2026-09-10T00:00:00Z",107.2,107.2,105.2,106.9,65902181.0
"9988.HK","HK","HKD","2026-09-11T00:00:00Z",105.0,107.7,104.7,107.5,56226973.0
"9988.HK","HK","HKD","2026-09-14T00:00:00Z",105.5,106.6,104.7,105.9,48442049.0
"9988.HK","HK","HKD","2026-09-15T00:00:00Z",107.0,108.8,105.8,107.2,47161376.0
"9988.HK","HK","HKD","2026-09-16T00:00:00Z",107.7,107.7,106.1,106.2,34061594.0
"9988.HK","HK","HKD","2026-09-17T00:00:00Z",105.0,106.0,104.2,105.1,50647519.0
"9988.HK","HK","HKD","2026-09-18T00:00:00Z",106.4,110.7,106.1,109.3,90084892.0
"9988.HK","HK","HKD","2026-09-21T00:00:00Z",110.7,112.7,110.1,112.6,54733772.0
"9988.HK","HK","HKD","2026-09-22T00:00:00Z",114.8,118.3,114.0,114.8,123942194.0
"9988.HK","HK","HKD","2026-09-23T00:00:00Z",113.8,114.2,109.1,109.8,86835983.0
"9988.HK","HK","HKD","2026-09-24T00:00:00Z",108.3,111.1,108.1,110.0,37259984.0
"9988.HK","HK","HKD","2026-09-25T00:00:00Z",107.5,108.6,106.3,108.4,28037888.0
